booking_id,hotel_id,checkin_date,channel,cancellation_policy,p_cancel,pred_cancel_0.5
B008232,H002,2025-07-01,OTA-Expedia,Semi-Flex,0.6077626559983771,1
B007269,H011,2025-11-11,Corporate,Semi-Flex,0.603353844123985,1
B003697,H015,2025-09-30,OTA-Expedia,Semi-Flex,0.599210601445517,1
B001568,H003,2025-03-25,OTA-Expedia,Semi-Flex,0.5949358153585385,1
B006045,H007,2025-11-18,OTA-Booking,Semi-Flex,0.5919932892424946,1
B012264,H003,2025-08-30,Corporate,Semi-Flex,0.5884848049266681,1
B007259,H011,2025-01-15,OTA-Expedia,Flexible,0.5872305032083477,1
B007796,H013,2025-05-13,OTA-Expedia,Semi-Flex,0.58102066614142,1
B013908,H011,2025-04-04,OTA-Expedia,Semi-Flex,0.5798909305784199,1
B007940,H013,2025-11-22,OTA-Booking,Flexible,0.5780506379997007,1
B001272,H011,2025-11-04,Corporate,Semi-Flex,0.5780386680450675,1
B004658,H015,2025-05-06,OTA-Booking,Semi-Flex,0.5744364874332061,1
B013297,H013,2025-03-07,Corporate,Flexible,0.5736320085063374,1
B003948,H015,2025-10-21,OTA-Expedia,Semi-Flex,0.5729569072315159,1
B007276,H002,2025-01-28,OTA-Expedia,Semi-Flex,0.5723744318695918,1
B010023,H014,2025-03-04,OTA-Booking,Semi-Flex,0.571390593877178,1
B011514,H015,2025-12-25,OTA-Expedia,Semi-Flex,0.5706053831758621,1
B009210,H011,2025-12-06,OTA-Expedia,Flexible,0.5679138862997163,1
B010456,H013,2025-10-20,Corporate,Flexible,0.5665453949851238,1
B005001,H002,2025-09-17,Corporate,Semi-Flex,0.5656772341298615,1
B000176,H008,2025-11-18,OTA-Expedia,Flexible,0.5640951787251443,1
B011123,H013,2025-11-22,OTA-Expedia,Flexible,0.5630606713537085,1
B000314,H013,2025-02-06,OTA-Expedia,Flexible,0.5621605171644801,1
B011652,H011,2025-12-06,Corporate,Semi-Flex,0.5607840997807398,1
B011971,H010,2025-09-07,Corporate,Flexible,0.5595961560997073,1
B008404,H013,2025-03-18,OTA-Booking,Flexible,0.5589464395430325,1
B006949,H002,2025-01-01,OTA-Booking,Semi-Flex,0.5560162556081286,1
B008384,H013,2025-07-12,OTA-Booking,Flexible,0.5559870709501928,1
B014056,H003,2025-07-30,OTA-Expedia,Flexible,0.5557358679548172,1
B003734,H005,2025-04-22,OTA-Expedia,Flexible,0.555655471323277,1
B009618,H011,2025-09-13,Corporate,Flexible,0.5544216356836656,1
B008664,H002,2025-01-18,OTA-Booking,Semi-Flex,0.5539608123223904,1
B014714,H004,2025-03-24,Corporate,Semi-Flex,0.5537265903306607,1
B001986,H010,2025-04-19,Corporate,Semi-Flex,0.5536222532158589,1
B008897,H013,2025-02-11,OTA-Booking,Flexible,0.5534591978954936,1
B010679,H004,2025-08-27,OTA-Booking,Semi-Flex,0.5522093375903384,1
B002038,H011,2025-08-05,OTA-Expedia,Flexible,0.5519116257587772,1
B004653,H002,2025-12-24,OTA-Expedia,Flexible,0.5518387294892543,1
B002981,H004,2025-09-26,OTA-Expedia,Semi-Flex,0.5516941111026845,1
B000141,H003,2025-05-15,OTA-Booking,Semi-Flex,0.5515124154989557,1
B006366,H008,2025-06-27,OTA-Expedia,Flexible,0.551474070777134,1
B014347,H008,2025-01-22,OTA-Booking,Flexible,0.5512549307326374,1
B003984,H002,2025-05-13,OTA-Booking,Semi-Flex,0.5510413854106734,1
B013817,H010,2025-04-30,OTA-Expedia,Semi-Flex,0.5502310074178925,1
B008468,H003,2025-03-03,OTA-Booking,Semi-Flex,0.5499728165809661,1
B014364,H013,2025-10-14,OTA-Booking,Flexible,0.5499207751465545,1
B014788,H011,2025-02-07,OTA-Expedia,Semi-Flex,0.5488295072374213,1
B010331,H015,2025-04-19,Corporate,Semi-Flex,0.5486023932523315,1
B013106,H015,2025-06-28,OTA-Expedia,Semi-Flex,0.5483455784467857,1
B009490,H014,2025-03-15,OTA-Expedia,Semi-Flex,0.5477099956771146,1
B002363,H008,2025-08-31,Corporate,Semi-Flex,0.5470818775327856,1
B001431,H003,2025-08-28,Corporate,Flexible,0.5470078996475831,1
B002546,H007,2025-07-09,OTA-Expedia,Semi-Flex,0.5467867417541866,1
B012877,H002,2025-01-07,OTA-Expedia,Flexible,0.5462877514013996,1
B001163,H009,2025-07-19,OTA-Expedia,Semi-Flex,0.5455734364638154,1
B000345,H003,2025-07-15,Direct,Flexible,0.5453873764650242,1
B009499,H015,2025-03-26,OTA-Booking,Semi-Flex,0.5443847237086173,1
B003422,H009,2025-12-23,OTA-Expedia,Flexible,0.5440484819185555,1
B009527,H002,2025-12-18,OTA-Expedia,Flexible,0.5437405891314316,1
B011345,H013,2025-06-04,OTA-Booking,Semi-Flex,0.5434078418160673,1
B011263,H002,2025-03-26,OTA-Expedia,Flexible,0.5424779384684287,1
B001909,H013,2025-11-28,Corporate,Semi-Flex,0.5423504255343561,1
B002153,H007,2025-01-15,OTA-Expedia,Flexible,0.5421878015346787,1
B006945,H003,2025-02-11,Direct,Flexible,0.5417960292138172,1
B005541,H007,2025-12-20,OTA-Booking,Semi-Flex,0.5413573772260206,1
B002879,H011,2025-01-08,OTA-Booking,Flexible,0.5406143087046291,1
B008428,H003,2025-05-29,OTA-Expedia,Semi-Flex,0.540249298162248,1
B007690,H013,2025-12-21,Corporate,Flexible,0.5401211259183669,1
B010172,H008,2025-12-25,OTA-Expedia,Semi-Flex,0.539590722332524,1
B014634,H003,2025-05-28,OTA-Booking,Semi-Flex,0.5393791152022714,1
B002324,H003,2025-05-26,OTA-Expedia,Flexible,0.5389749609813038,1
B005852,H012,2025-03-04,Corporate,Semi-Flex,0.5388611202125358,1
B010604,H011,2025-06-27,OTA-Expedia,Flexible,0.5388158231121289,1
B014579,H008,2025-12-13,OTA-Expedia,Semi-Flex,0.5384364027370006,1
B005975,H002,2025-06-09,OTA-Booking,Semi-Flex,0.5384198860663261,1
B004979,H005,2025-05-11,OTA-Expedia,Semi-Flex,0.538280981900258,1
B014785,H003,2025-05-11,OTA-Booking,Semi-Flex,0.5381283531615483,1
B003111,H002,2025-08-01,Corporate,Flexible,0.5379068299906526,1
B013991,H005,2025-10-20,OTA-Expedia,Semi-Flex,0.5377980315488629,1
B010746,H007,2025-12-12,OTA-Expedia,Semi-Flex,0.537258295107786,1
B006255,H008,2025-05-01,Corporate,Flexible,0.5368270691811323,1
B002508,H013,2025-11-11,Direct,Semi-Flex,0.5368096875968129,1
B007475,H004,2025-11-18,Corporate,Flexible,0.5362828975420821,1
B000049,H013,2025-04-09,Corporate,Semi-Flex,0.5360989554930422,1
B009507,H007,2025-05-07,OTA-Expedia,Flexible,0.5358514142780676,1
B004502,H003,2025-07-20,OTA-Expedia,Flexible,0.5346368945545767,1
B014562,H015,2025-10-21,Corporate,Flexible,0.5343009542244185,1
B000517,H011,2025-03-26,OTA-Booking,Flexible,0.5339740341294964,1
B009111,H007,2025-04-30,OTA-Expedia,Flexible,0.5338563164936805,1
B008245,H005,2025-03-25,OTA-Booking,Flexible,0.533574086143606,1
B001025,H003,2025-11-07,OTA-Expedia,Flexible,0.533405586128725,1
B000171,H003,2025-12-23,Phone,Flexible,0.5333225909406396,1
B009542,H008,2025-02-05,OTA-Booking,Flexible,0.5332073835784504,1
B008009,H003,2025-02-08,Corporate,Flexible,0.5324842055671425,1
B008909,H007,2025-09-09,OTA-Expedia,Flexible,0.5321472121065873,1
B013598,H004,2025-11-23,OTA-Booking,Semi-Flex,0.5319719202305524,1
B013114,H002,2025-07-25,OTA-Expedia,Semi-Flex,0.5317567763636698,1
B009463,H013,2025-04-07,Direct,Semi-Flex,0.5313112113520609,1
B012838,H010,2025-03-11,OTA-Booking,Flexible,0.5309241347127225,1
B001081,H008,2025-05-06,OTA-Booking,Semi-Flex,0.53081115332056,1
B014183,H012,2025-06-17,OTA-Expedia,Semi-Flex,0.5307680450914974,1
B003903,H003,2025-11-30,OTA-Expedia,Flexible,0.5304278205931287,1
B003194,H002,2025-01-28,OTA-Booking,Flexible,0.5303450241121687,1
B005031,H011,2025-05-09,OTA-Booking,Flexible,0.5287145921641259,1
B008566,H008,2025-02-05,OTA-Booking,Flexible,0.5282441271223173,1
B012703,H002,2025-01-14,OTA-Expedia,Semi-Flex,0.5280935350006455,1
B010615,H013,2025-08-30,Direct,Flexible,0.5280302225435057,1
B005442,H011,2025-08-08,OTA-Expedia,Flexible,0.5276740732711966,1
B010942,H002,2025-12-09,OTA-Expedia,Flexible,0.5275611404372719,1
B012836,H015,2025-06-11,OTA-Booking,Semi-Flex,0.5274376071860752,1
B004348,H003,2025-11-01,OTA-Booking,Flexible,0.5273140836965542,1
B005570,H002,2025-11-06,OTA-Expedia,Flexible,0.5273070481870556,1
B002160,H003,2025-07-30,OTA-Booking,Flexible,0.5271763238292076,1
B006250,H007,2025-01-19,Corporate,Flexible,0.5271312615004119,1
B002007,H001,2025-11-23,OTA-Expedia,Semi-Flex,0.52704165340699,1
B014791,H004,2025-01-01,OTA-Booking,Semi-Flex,0.5267237686702816,1
B005224,H010,2025-03-11,OTA-Booking,Flexible,0.5266542859886134,1
B012023,H007,2025-08-09,OTA-Booking,Semi-Flex,0.5263996274323933,1
B007321,H003,2025-03-20,OTA-Expedia,Flexible,0.5256374489247906,1
B011922,H002,2025-05-22,OTA-Booking,Semi-Flex,0.5254825058327294,1
B005051,H001,2025-06-12,OTA-Booking,Semi-Flex,0.5247049289300749,1
B001870,H011,2025-03-29,OTA-Booking,Semi-Flex,0.5246482166527225,1
B005928,H003,2025-04-14,Corporate,Flexible,0.5244250757513133,1
B008091,H008,2025-03-23,OTA-Booking,Semi-Flex,0.5240951962699,1
B014656,H011,2025-04-01,Direct,Flexible,0.5238418550979931,1
B006718,H004,2025-02-27,Corporate,Flexible,0.5236531558284555,1
B004669,H002,2025-07-14,OTA-Expedia,Flexible,0.5235205016874167,1
B009371,H004,2025-06-04,OTA-Expedia,Flexible,0.5231218217457797,1
B010758,H002,2025-03-29,Corporate,Semi-Flex,0.522992096504396,1
B000916,H011,2025-01-09,OTA-Expedia,Flexible,0.5229554509868957,1
B005441,H003,2025-09-02,Corporate,Flexible,0.5228537215893304,1
B013687,H010,2025-04-16,Corporate,Flexible,0.5228122134545873,1
B009373,H010,2025-05-03,Corporate,Flexible,0.5227651994390974,1
B013893,H004,2025-09-23,Corporate,Semi-Flex,0.522422711576583,1
B000749,H015,2025-04-08,OTA-Booking,Flexible,0.5219223310607445,1
B010208,H015,2025-05-17,OTA-Expedia,Flexible,0.5218498430736036,1
B005659,H008,2025-03-17,Corporate,Flexible,0.5216781393764724,1
B010542,H003,2025-11-08,OTA-Booking,Flexible,0.5210932772211453,1
B013809,H003,2025-10-16,OTA-Booking,Semi-Flex,0.520857755500201,1
B000300,H010,2025-03-09,OTA-Expedia,Flexible,0.520821889413247,1
B001886,H004,2025-03-11,OTA-Booking,Flexible,0.5207979736363875,1
B003359,H008,2025-09-21,OTA-Expedia,Flexible,0.5206521355492401,1
B004729,H002,2025-06-02,Corporate,Semi-Flex,0.5204558918384263,1
B005193,H008,2025-09-19,OTA-Expedia,Flexible,0.5203578719466851,1
B007997,H003,2025-07-21,OTA-Expedia,Semi-Flex,0.5197588530841318,1
B014049,H007,2025-03-12,Corporate,Flexible,0.5197063357256877,1
B007875,H011,2025-05-20,Direct,Flexible,0.5196760222635889,1
B004050,H014,2025-06-30,OTA-Booking,Semi-Flex,0.5194333148334448,1
B000294,H011,2025-09-20,Corporate,Semi-Flex,0.5192717973251104,1
B005974,H004,2025-05-01,OTA-Booking,Semi-Flex,0.5189294215200908,1
B011693,H004,2025-03-01,OTA-Booking,Flexible,0.5189231394225686,1
B005537,H007,2025-09-22,OTA-Expedia,Flexible,0.5187056664422112,1
B004573,H005,2025-06-13,OTA-Expedia,Semi-Flex,0.5184190630651138,1
B000906,H013,2025-06-20,OTA-Expedia,Flexible,0.518385491322725,1
B001129,H003,2025-12-01,OTA-Booking,Flexible,0.5183374619727266,1
B009929,H007,2025-02-17,OTA-Expedia,Flexible,0.517890372120601,1
B011091,H005,2025-08-24,Corporate,Semi-Flex,0.5175906389523452,1
B007634,H003,2025-11-06,Phone,Flexible,0.5173435150379578,1
B005582,H015,2025-01-21,OTA-Expedia,Flexible,0.5172378847287936,1
B003485,H015,2025-11-09,OTA-Booking,Flexible,0.517101617408067,1
B005870,H007,2025-04-09,OTA-Booking,Flexible,0.5168044236427731,1
B001130,H013,2025-11-19,OTA-Booking,Flexible,0.5167297810224798,1
B003262,H008,2025-11-16,Corporate,Flexible,0.5166606324300427,1
B003071,H011,2025-12-05,OTA-Booking,Flexible,0.5165985227406827,1
B010073,H002,2025-11-25,OTA-Expedia,Flexible,0.5159907272791618,1
B011497,H002,2025-10-21,Direct,Semi-Flex,0.5157522586740034,1
B007899,H003,2025-02-05,OTA-Booking,Semi-Flex,0.5157301197813421,1
B001240,H012,2025-06-24,OTA-Expedia,Semi-Flex,0.5157147311319658,1
B009843,H009,2025-03-13,OTA-Expedia,Flexible,0.5155663667902185,1
B004380,H014,2025-06-14,Corporate,Semi-Flex,0.5150452243012831,1
B014497,H002,2025-01-15,Corporate,Semi-Flex,0.515016737695083,1
B011937,H010,2025-03-15,OTA-Booking,Flexible,0.5147566349821298,1
B005843,H007,2025-06-18,OTA-Expedia,Flexible,0.5142918189870707,1
B013855,H008,2025-01-17,Direct,Semi-Flex,0.5142328209148513,1
B009649,H007,2025-02-07,OTA-Expedia,Semi-Flex,0.5142281350232193,1
B001557,H008,2025-09-12,OTA-Booking,Flexible,0.5139184096768831,1
B011344,H001,2025-08-18,Corporate,Semi-Flex,0.5136800739800418,1
B013597,H005,2025-12-05,OTA-Booking,Semi-Flex,0.5136588708093356,1
B012625,H015,2025-11-25,OTA-Expedia,Semi-Flex,0.5136359655626755,1
B000538,H002,2025-01-05,OTA-Expedia,Flexible,0.5129784870575397,1
B005039,H010,2025-06-03,OTA-Booking,Semi-Flex,0.5129063891972939,1
B011120,H009,2025-04-26,OTA-Expedia,Flexible,0.5129058287210002,1
B002691,H015,2025-07-22,OTA-Expedia,Semi-Flex,0.5128781108125485,1
B004191,H010,2025-08-29,OTA-Booking,Semi-Flex,0.5126650100411154,1
B006558,H011,2025-12-19,OTA-Booking,Semi-Flex,0.5125437497103241,1
B014790,H011,2025-03-19,Direct,Flexible,0.5122291210661291,1
B001932,H008,2025-05-09,OTA-Booking,Flexible,0.5119292899113025,1
B000212,H010,2025-05-09,OTA-Expedia,Flexible,0.5118981394027169,1
B009352,H004,2025-11-03,OTA-Booking,Semi-Flex,0.5112707498948466,1
B001704,H004,2025-08-16,OTA-Expedia,Flexible,0.5112259388646921,1
B001513,H011,2025-06-09,OTA-Booking,Flexible,0.5111049567105916,1
B011464,H003,2025-08-03,OTA-Booking,Flexible,0.5110516151587641,1
B014981,H003,2025-03-04,Corporate,Semi-Flex,0.5107417929978086,1
B001731,H008,2025-02-06,OTA-Booking,Flexible,0.5106578132275598,1
B003265,H009,2025-07-21,Direct,Semi-Flex,0.5105699219572939,1
B012333,H010,2025-06-18,OTA-Booking,Semi-Flex,0.510417131879784,1
B003986,H008,2025-08-18,OTA-Expedia,Flexible,0.5101702030978448,1
B004973,H003,2025-05-30,OTA-Expedia,Flexible,0.5100485352410389,1
B006680,H014,2025-11-13,OTA-Booking,Semi-Flex,0.5099941533700068,1
B005342,H010,2025-06-20,OTA-Expedia,Semi-Flex,0.5099809361628862,1
B008882,H010,2025-06-12,OTA-Expedia,Semi-Flex,0.5093993056725267,1
B009370,H014,2025-07-23,OTA-Expedia,Flexible,0.5092880401601934,1
B007834,H007,2025-07-26,OTA-Booking,Flexible,0.5090900198411394,1
B002962,H005,2025-11-04,OTA-Booking,Flexible,0.5088825008971821,1
B002915,H005,2025-10-22,OTA-Booking,Flexible,0.5088737997767473,1
B006014,H003,2025-04-02,Direct,Flexible,0.5083061819214331,1
B012778,H009,2025-12-02,OTA-Expedia,Semi-Flex,0.508176797372524,1
B006269,H013,2025-02-24,OTA-Expedia,Flexible,0.5080087117740953,1
B004062,H002,2025-08-04,OTA-Booking,Flexible,0.5078696818702616,1
B006177,H012,2025-03-22,OTA-Expedia,Flexible,0.5078020652949018,1
B008794,H005,2025-02-25,OTA-Expedia,Flexible,0.5072285371806113,1
B013025,H015,2025-04-12,OTA-Booking,Flexible,0.5071509313434155,1
B014747,H015,2025-03-11,OTA-Booking,Flexible,0.5069637442608999,1
B013465,H006,2025-10-11,Corporate,Flexible,0.5067367199028188,1
B005941,H003,2025-05-02,Direct,Flexible,0.5065446803602416,1
B012198,H001,2025-09-17,OTA-Booking,Semi-Flex,0.5064842204701555,1
B013672,H004,2025-02-16,OTA-Booking,Flexible,0.5062893908373349,1
B010638,H002,2025-08-20,OTA-Booking,Flexible,0.5062483600523644,1
B004539,H005,2025-10-27,OTA-Booking,Semi-Flex,0.5058914760584181,1
B011064,H002,2025-09-30,OTA-Booking,Flexible,0.5056345629039506,1
B003876,H003,2025-06-25,Phone,Semi-Flex,0.5054944297288659,1
B011899,H005,2025-04-13,OTA-Booking,Semi-Flex,0.5053464011898846,1
B001216,H010,2025-05-25,OTA-Expedia,Flexible,0.5052922312222261,1
B012380,H013,2025-09-03,Direct,Semi-Flex,0.5052651311906511,1
B002168,H009,2025-03-07,OTA-Expedia,Flexible,0.5047202891489653,1
B008462,H010,2025-05-21,Corporate,Flexible,0.5042364370392096,1
B003571,H005,2025-09-19,OTA-Expedia,Flexible,0.5042002962344097,1
B000167,H004,2025-06-15,OTA-Expedia,Flexible,0.5041869966223473,1
B011032,H003,2025-02-16,OTA-Booking,Flexible,0.5040702239624663,1
B014723,H007,2025-05-07,OTA-Booking,Flexible,0.5040318528942016,1
B011739,H007,2025-12-20,OTA-Expedia,Flexible,0.5030939883500083,1
B002701,H001,2025-04-10,Corporate,Flexible,0.5026844284559883,1
B014619,H004,2025-12-27,OTA-Booking,Semi-Flex,0.5022555338933284,1
B001105,H013,2025-05-20,OTA-Expedia,Semi-Flex,0.5019824800478071,1
B008638,H008,2025-07-26,OTA-Expedia,Semi-Flex,0.5018175686991195,1
B012054,H008,2025-01-15,OTA-Expedia,Flexible,0.5016847667874912,1
B002190,H011,2025-07-12,Phone,Flexible,0.5014743379090107,1
B008655,H010,2025-12-04,OTA-Expedia,Flexible,0.5013587039255776,1
B011425,H011,2025-10-14,OTA-Expedia,Semi-Flex,0.5013266244676163,1
B002280,H004,2025-11-09,OTA-Booking,Flexible,0.5012521531798917,1
B000722,H014,2025-07-15,Direct,Semi-Flex,0.5010398590964514,1
B001805,H010,2025-03-14,OTA-Booking,Flexible,0.500974744003486,1
B007491,H006,2025-07-28,OTA-Booking,Semi-Flex,0.5007917655455433,1
B011790,H012,2025-09-10,Corporate,Semi-Flex,0.5007525911094255,1
B005615,H005,2025-11-18,Phone,Flexible,0.5006726653241071,1
B005847,H013,2025-10-17,OTA-Booking,Flexible,0.5001264245507907,1
B012497,H002,2025-08-01,OTA-Booking,Flexible,0.5001073873901455,1
B003930,H002,2025-10-09,OTA-Booking,Flexible,0.49982784212737663,0
B011149,H011,2025-06-08,OTA-Expedia,Flexible,0.49975883482667954,0
B014875,H002,2025-08-21,OTA-Expedia,Flexible,0.4996397519704215,0
B001841,H007,2025-05-06,OTA-Booking,Flexible,0.4990298602835737,0
B010772,H011,2025-05-12,OTA-Expedia,Flexible,0.4989223125062409,0
B003471,H002,2025-11-05,OTA-Booking,Semi-Flex,0.49871662831684305,0
B001860,H004,2025-04-15,Direct,Flexible,0.4983586015668413,0
B012410,H004,2025-04-15,Phone,Semi-Flex,0.4982874777293359,0
B011282,H014,2025-02-10,OTA-Booking,Flexible,0.4978529011451266,0
B006471,H014,2025-09-10,OTA-Booking,Semi-Flex,0.4976651207279344,0
B006783,H009,2025-05-30,OTA-Booking,Flexible,0.4976199688506416,0
B012500,H009,2025-03-10,OTA-Booking,Semi-Flex,0.4974620194878695,0
B004455,H007,2025-06-27,Corporate,Semi-Flex,0.49722212069593036,0
B009685,H006,2025-11-24,OTA-Expedia,Flexible,0.496759415022476,0
B006219,H003,2025-10-27,OTA-Booking,Flexible,0.4967541188696486,0
B006221,H002,2025-02-27,Phone,Semi-Flex,0.4960644916531828,0
B000467,H014,2025-02-25,OTA-Expedia,Flexible,0.49589405523480296,0
B014150,H007,2025-07-25,OTA-Expedia,Flexible,0.49578602727256876,0
B001746,H004,2025-02-09,OTA-Booking,Flexible,0.4954832848760336,0
B012252,H015,2025-09-30,OTA-Booking,Flexible,0.49538253869725096,0
B004904,H001,2025-08-30,OTA-Booking,Semi-Flex,0.4947538684037849,0
B006965,H004,2025-11-18,Corporate,Semi-Flex,0.49471415054579587,0
B011711,H005,2025-02-03,OTA-Booking,Flexible,0.49457256271670436,0
B002745,H007,2025-11-16,OTA-Expedia,Semi-Flex,0.4944772050915371,0
B008237,H002,2025-08-20,OTA-Booking,Flexible,0.49406546064712026,0
B014186,H014,2025-03-27,OTA-Expedia,Flexible,0.49397747814094684,0
B000690,H015,2025-07-27,OTA-Booking,Semi-Flex,0.49355625976566875,0
B000658,H005,2025-11-08,OTA-Booking,Semi-Flex,0.493399999083534,0
B005797,H003,2025-02-17,OTA-Booking,Flexible,0.49332536909826635,0
B003145,H005,2025-04-26,OTA-Expedia,Flexible,0.49322533840899146,0
B003221,H012,2025-03-16,OTA-Expedia,Semi-Flex,0.4932046322674403,0
B014286,H009,2025-06-27,Corporate,Flexible,0.4930793074325266,0
B006226,H003,2025-06-20,Direct,Flexible,0.4927901381256692,0
B010038,H002,2025-08-02,Corporate,Flexible,0.4927736103968744,0
B005740,H015,2025-03-11,Direct,Flexible,0.49272870377594424,0
B010460,H011,2025-06-03,OTA-Booking,Flexible,0.4927224339650297,0
B005244,H010,2025-08-18,OTA-Booking,Semi-Flex,0.492685246005363,0
B003883,H011,2025-12-13,Direct,Flexible,0.49267112592120105,0
B003831,H008,2025-11-16,OTA-Booking,Flexible,0.49236330648626375,0
B002791,H013,2025-12-20,Direct,Flexible,0.4923167527857871,0
B010215,H008,2025-03-20,Phone,Semi-Flex,0.4921886384518004,0
B005833,H008,2025-07-27,OTA-Booking,Flexible,0.49197264671269375,0
B004112,H011,2025-01-21,OTA-Expedia,Flexible,0.4916775284913447,0
B000147,H011,2025-12-02,OTA-Expedia,Flexible,0.4915582398042076,0
B011670,H014,2025-09-06,OTA-Booking,Flexible,0.4914869671755601,0
B001833,H007,2025-07-12,Direct,Flexible,0.4914799626545626,0
B008763,H008,2025-04-04,OTA-Booking,Flexible,0.4913204415623777,0
B004460,H012,2025-09-24,OTA-Expedia,Flexible,0.4911969079827813,0
B013528,H010,2025-03-29,OTA-Booking,Flexible,0.4911782854353963,0
B012172,H008,2025-02-11,Direct,Flexible,0.49106494501406295,0
B003201,H015,2025-07-30,OTA-Booking,Flexible,0.4910201250555411,0
B007431,H002,2025-08-02,OTA-Expedia,Flexible,0.4905863436885483,0
B007904,H008,2025-06-04,Phone,Flexible,0.49052766431092265,0
B012220,H002,2025-10-21,Direct,Flexible,0.49051630586111117,0
B003340,H001,2025-10-22,OTA-Booking,Flexible,0.49023570543795286,0
B007671,H003,2025-02-24,OTA-Expedia,Semi-Flex,0.4900589255671341,0
B010869,H007,2025-05-20,Corporate,Flexible,0.48988046644784966,0
B004231,H004,2025-07-09,Direct,Semi-Flex,0.489811473933475,0
B009486,H003,2025-01-12,Direct,Flexible,0.4898108627392992,0
B004209,H010,2025-10-31,OTA-Booking,Flexible,0.4898074799225852,0
B007029,H003,2025-08-08,OTA-Booking,Flexible,0.4895466295987641,0
B005490,H002,2025-01-08,Direct,Semi-Flex,0.4891635675083475,0
B002285,H002,2025-06-13,OTA-Booking,Flexible,0.4891616128737127,0
B004513,H009,2025-07-04,OTA-Booking,Flexible,0.488961431071484,0
B010881,H002,2025-01-11,OTA-Expedia,Flexible,0.48879535964894183,0
B006923,H001,2025-04-02,Corporate,Flexible,0.4884917914737013,0
B001554,H003,2025-12-29,OTA-Booking,Flexible,0.4883747817631994,0
B004715,H002,2025-12-23,OTA-Expedia,Flexible,0.48829508859151083,0
B010730,H002,2025-05-28,OTA-Booking,Flexible,0.487856145565006,0
B000974,H013,2025-08-28,OTA-Expedia,Flexible,0.48769729831569963,0
B005984,H005,2025-08-27,OTA-Booking,Flexible,0.4875072085072009,0
B011645,H007,2025-04-04,OTA-Booking,Semi-Flex,0.4874885106066164,0
B008956,H015,2025-10-10,OTA-Booking,Flexible,0.48745101656572737,0
B006218,H008,2025-03-12,Direct,Semi-Flex,0.4873947085785589,0
B010211,H014,2025-07-17,OTA-Booking,Semi-Flex,0.4873635745735232,0
B014404,H006,2025-12-29,OTA-Expedia,Flexible,0.48729171583436326,0
B012653,H008,2025-11-09,OTA-Booking,Flexible,0.48725046103277564,0
B008249,H003,2025-11-14,Direct,Flexible,0.48723032576824776,0
B013287,H015,2025-06-08,OTA-Expedia,Flexible,0.4870417055493868,0
B001972,H006,2025-08-15,OTA-Booking,Flexible,0.4870133163680122,0
B007981,H004,2025-06-23,Corporate,Flexible,0.48672721900899174,0
B006974,H015,2025-06-21,OTA-Expedia,Semi-Flex,0.48649346929080584,0
B000954,H003,2025-09-14,OTA-Booking,Flexible,0.4863938715380365,0
B010429,H002,2025-08-23,OTA-Booking,Flexible,0.48638363916068394,0
B006123,H013,2025-12-12,OTA-Booking,Flexible,0.48633797292420416,0
B013152,H011,2025-04-18,Corporate,Flexible,0.48628757194056443,0
B005122,H001,2025-02-15,OTA-Expedia,Flexible,0.48618082675617463,0
B010091,H004,2025-05-05,Corporate,Flexible,0.48616128954435045,0
B012444,H014,2025-02-12,OTA-Booking,Semi-Flex,0.48601939032340236,0
B009613,H004,2025-08-02,Corporate,Flexible,0.4857216877229551,0
B006023,H010,2025-06-18,Corporate,Flexible,0.48563243158601915,0
B001171,H011,2025-09-11,OTA-Booking,Semi-Flex,0.4856033514042751,0
B007994,H003,2025-09-09,OTA-Expedia,Semi-Flex,0.48558143355970723,0
B014859,H013,2025-12-25,Direct,Flexible,0.4853875044157231,0
B008184,H010,2025-10-11,Phone,Flexible,0.48522789462505256,0
B005328,H015,2025-07-04,OTA-Booking,Flexible,0.4851883051845192,0
B002261,H001,2025-01-22,OTA-Expedia,Flexible,0.4851774457384868,0
B003247,H001,2025-02-08,Direct,Semi-Flex,0.4851639937545247,0
B000578,H014,2025-09-13,OTA-Expedia,Semi-Flex,0.4851530716005164,0
B003759,H014,2025-02-25,OTA-Booking,Flexible,0.48480933938545245,0
B008732,H011,2025-11-23,Direct,Flexible,0.4847774377294354,0
B014801,H007,2025-04-07,OTA-Booking,Flexible,0.484527010662721,0
B002345,H003,2025-06-12,Direct,Flexible,0.48445859960775334,0
B013090,H004,2025-08-05,Direct,Flexible,0.4843035459722267,0
B003757,H002,2025-02-08,Direct,Flexible,0.4842750884241692,0
B012761,H011,2025-01-20,Phone,Flexible,0.48422532160899523,0
B003867,H008,2025-11-09,Direct,Semi-Flex,0.4841695620854718,0
B010716,H008,2025-09-06,OTA-Booking,Flexible,0.4840979400662993,0
B000330,H003,2025-03-05,OTA-Booking,Flexible,0.4840011962690326,0
B003631,H011,2025-01-19,OTA-Expedia,Flexible,0.4839817630130856,0
B014266,H010,2025-01-13,OTA-Booking,Flexible,0.48376092151752376,0
B005011,H011,2025-06-29,Phone,Flexible,0.48369028596176855,0
B001720,H007,2025-05-05,OTA-Expedia,Flexible,0.4836766275981,0
B009488,H007,2025-06-22,OTA-Booking,Semi-Flex,0.4835278484080932,0
B004222,H015,2025-01-06,OTA-Booking,Flexible,0.48349091364697233,0
B012928,H008,2025-06-14,Direct,Semi-Flex,0.48330473955581577,0
B008740,H014,2025-02-20,OTA-Booking,Flexible,0.4832658873743834,0
B005458,H014,2025-10-04,OTA-Expedia,Flexible,0.4832313277079272,0
B000334,H011,2025-05-17,Phone,Flexible,0.48312151598683256,0
B002550,H001,2025-05-10,OTA-Booking,Flexible,0.48307724001775276,0
B011319,H002,2025-12-24,Direct,Semi-Flex,0.48307295297251096,0
B002603,H007,2025-10-03,Direct,Semi-Flex,0.4830370027217138,0
B003290,H002,2025-10-23,Corporate,Flexible,0.483011622981223,0
B009379,H008,2025-10-24,OTA-Booking,Semi-Flex,0.48273132610454506,0
B011167,H005,2025-12-07,OTA-Booking,Flexible,0.4826642986123482,0
B012853,H005,2025-01-01,OTA-Expedia,Flexible,0.482581815233999,0
B003114,H003,2025-01-01,Phone,Flexible,0.48255844042444784,0
B014082,H001,2025-03-26,OTA-Booking,Flexible,0.4825331223043043,0
B008183,H002,2025-09-10,OTA-Booking,Flexible,0.4825182032165003,0
B007594,H003,2025-06-09,OTA-Booking,Semi-Flex,0.4823921798674449,0
B011994,H004,2025-05-08,Corporate,Flexible,0.4819121650784188,0
B003327,H015,2025-02-05,OTA-Booking,Semi-Flex,0.4815772166509613,0
B010585,H008,2025-06-14,Corporate,Flexible,0.48117855818491834,0
B005109,H014,2025-11-26,OTA-Expedia,Flexible,0.48082579770403533,0
B002577,H010,2025-02-25,OTA-Expedia,Flexible,0.4807175656377683,0
B005143,H013,2025-02-01,Direct,Semi-Flex,0.480699680906318,0
B001852,H008,2025-04-20,OTA-Expedia,Flexible,0.480665117834925,0
B012421,H009,2025-02-19,Direct,Flexible,0.4806434493160566,0
B010538,H015,2025-08-19,OTA-Expedia,Flexible,0.48038871343968165,0
B003722,H001,2025-12-23,Corporate,Flexible,0.48018992983168945,0
B003694,H008,2025-01-07,OTA-Expedia,Flexible,0.4801275919002427,0
B006877,H010,2025-09-25,OTA-Booking,Semi-Flex,0.4799824263820858,0
B005538,H001,2025-04-15,OTA-Booking,Flexible,0.47971126106354706,0
B011910,H008,2025-06-18,OTA-Booking,Flexible,0.479389164301373,0
B009629,H005,2025-08-17,OTA-Booking,Semi-Flex,0.4792963073223903,0
B012686,H010,2025-02-20,OTA-Expedia,Flexible,0.47924976615148446,0
B001639,H007,2025-03-01,OTA-Expedia,Semi-Flex,0.4790647161060255,0
B007065,H010,2025-10-03,OTA-Expedia,Flexible,0.4787835403669296,0
B003875,H002,2025-05-05,OTA-Booking,Flexible,0.4787275815046564,0
B008605,H002,2025-08-12,OTA-Booking,Flexible,0.4787061019074192,0
B007072,H008,2025-02-27,OTA-Expedia,Flexible,0.478601344096981,0
B000794,H006,2025-02-12,Corporate,Flexible,0.4784337393562757,0
B002026,H003,2025-06-23,Direct,Flexible,0.47838678359991715,0
B010902,H009,2025-10-29,OTA-Booking,Flexible,0.478041558156811,0
B008386,H012,2025-01-18,OTA-Expedia,Flexible,0.47800145731559174,0
B007770,H004,2025-10-11,Direct,Semi-Flex,0.4776154684070242,0
B000500,H014,2025-04-01,OTA-Booking,Flexible,0.47754256187762,0
B010785,H010,2025-11-02,OTA-Booking,Flexible,0.4774756928964057,0
B007413,H014,2025-08-05,OTA-Expedia,Semi-Flex,0.47746673324322486,0
B002737,H005,2025-03-05,OTA-Booking,Semi-Flex,0.47727869567571485,0
B012414,H008,2025-01-18,OTA-Booking,Flexible,0.4770574162463528,0
B012218,H003,2025-02-08,Direct,Flexible,0.4767769591596566,0
B003892,H001,2025-05-26,Corporate,Flexible,0.4766527654469034,0
B014805,H009,2025-12-22,OTA-Expedia,Flexible,0.47612848117881035,0
B012998,H004,2025-06-06,Corporate,Flexible,0.4760372234105078,0
B003416,H003,2025-04-23,OTA-Booking,Flexible,0.4759431553896949,0
B009157,H003,2025-10-29,OTA-Booking,Semi-Flex,0.47586578772723226,0
B003549,H012,2025-02-25,OTA-Booking,Flexible,0.4757289958989616,0
B008526,H003,2025-10-30,Direct,Flexible,0.4756135026198156,0
B004234,H001,2025-01-17,Direct,Semi-Flex,0.47561028717204157,0
B014678,H002,2025-05-30,OTA-Booking,Flexible,0.47543083473472414,0
B005057,H004,2025-08-03,Direct,Flexible,0.4753416853454743,0
B013094,H005,2025-06-01,OTA-Expedia,Flexible,0.47528525695897167,0
B002511,H006,2025-08-12,OTA-Expedia,Semi-Flex,0.47503986080884403,0
B013666,H015,2025-06-15,OTA-Booking,Semi-Flex,0.47499439174659486,0
B002362,H007,2025-03-12,Phone,Flexible,0.4747800535798351,0
B001504,H004,2025-03-12,Direct,Flexible,0.47460369411177034,0
B000244,H006,2025-11-08,OTA-Booking,Flexible,0.4745700262399669,0
B000966,H005,2025-07-09,OTA-Expedia,Semi-Flex,0.4745062579710486,0
B008102,H006,2025-10-11,OTA-Expedia,Flexible,0.47446277691731115,0
B010992,H011,2025-05-07,OTA-Expedia,Flexible,0.4743928324736759,0
B009199,H001,2025-09-10,Phone,Semi-Flex,0.47433543465929784,0
B011709,H013,2025-07-04,OTA-Expedia,Flexible,0.47424609679101215,0
B006201,H004,2025-05-04,OTA-Expedia,Flexible,0.4741843464200894,0
B012372,H006,2025-02-09,Corporate,Semi-Flex,0.47409697744932017,0
B004648,H003,2025-01-26,OTA-Booking,Flexible,0.4740791294069087,0
B002065,H009,2025-03-18,OTA-Booking,Flexible,0.4740640040649744,0
B002611,H001,2025-08-13,OTA-Booking,Flexible,0.4740176342942603,0
B003328,H007,2025-09-05,OTA-Expedia,Semi-Flex,0.47385602098699736,0
B013394,H009,2025-08-18,OTA-Expedia,Semi-Flex,0.4736668003732443,0
B007975,H002,2025-12-25,Direct,Semi-Flex,0.47354412042958804,0
B010421,H012,2025-05-06,OTA-Booking,Semi-Flex,0.4733594681138293,0
B010385,H013,2025-07-04,Direct,Flexible,0.4732959433966588,0
B014627,H008,2025-08-24,OTA-Booking,Semi-Flex,0.4730307397601123,0
B009860,H003,2025-03-13,OTA-Booking,Semi-Flex,0.47293097435036335,0
B006466,H015,2025-09-20,OTA-Booking,Flexible,0.4728634395592093,0
B003216,H003,2025-08-11,OTA-Booking,Flexible,0.4727382001533642,0
B001687,H011,2025-10-28,Corporate,Semi-Flex,0.472636510391611,0
B004249,H003,2025-04-29,Corporate,Semi-Flex,0.47257561382547736,0
B010937,H012,2025-05-01,OTA-Expedia,Flexible,0.47236355494289695,0
B005804,H011,2025-10-18,OTA-Expedia,Flexible,0.47231239230117256,0
B013929,H006,2025-08-02,OTA-Booking,Semi-Flex,0.4721805538390163,0
B000022,H012,2025-01-10,Corporate,Flexible,0.4721487469368803,0
B013482,H005,2025-11-16,OTA-Expedia,Semi-Flex,0.47180342189927416,0
B006919,H001,2025-07-31,Direct,Semi-Flex,0.4717629131357232,0
B011786,H002,2025-09-10,Corporate,Flexible,0.47162614451520557,0
B001730,H005,2025-12-10,Direct,Flexible,0.4713642528208091,0
B011328,H011,2025-08-08,OTA-Expedia,Flexible,0.4711629753030202,0
B006920,H011,2025-11-03,Phone,Semi-Flex,0.4710400706338655,0
B014055,H011,2025-03-25,Direct,Semi-Flex,0.47100456997770496,0
B003292,H011,2025-07-06,OTA-Expedia,Semi-Flex,0.4708282497883886,0
B005361,H007,2025-12-27,Phone,Flexible,0.470616223612352,0
B013047,H012,2025-12-04,OTA-Expedia,Flexible,0.4706133658776303,0
B001594,H009,2025-08-24,OTA-Booking,Flexible,0.4705494925316256,0
B009643,H001,2025-03-21,OTA-Booking,Semi-Flex,0.4697511840503469,0
B008765,H002,2025-12-27,OTA-Booking,Flexible,0.4694135749936747,0
B010863,H011,2025-10-11,OTA-Booking,Flexible,0.4694093925049096,0
B011372,H015,2025-07-02,OTA-Booking,Semi-Flex,0.46923063572467266,0
B010072,H010,2025-03-29,OTA-Booking,Flexible,0.46921915671806697,0
B012614,H005,2025-03-18,OTA-Expedia,Flexible,0.4691587035477695,0
B007842,H013,2025-04-28,Corporate,Flexible,0.4690406682268849,0
B003258,H008,2025-05-19,OTA-Expedia,Semi-Flex,0.46897732323399394,0
B008622,H006,2025-02-18,OTA-Expedia,Flexible,0.46895324951513595,0
B006855,H010,2025-09-29,Corporate,Flexible,0.46867753833551246,0
B005877,H001,2025-12-17,OTA-Booking,Flexible,0.46843175759619593,0
B013197,H001,2025-07-14,OTA-Expedia,Flexible,0.4683314135312442,0
B012945,H014,2025-08-15,Direct,Flexible,0.4682758787620122,0
B002002,H005,2025-11-13,OTA-Booking,Flexible,0.46821071100163153,0
B014773,H012,2025-02-17,OTA-Expedia,Flexible,0.4680872106605078,0
B006283,H013,2025-01-17,OTA-Expedia,Flexible,0.4679862252176508,0
B006035,H002,2025-07-11,OTA-Booking,Flexible,0.46794654292427584,0
B006424,H015,2025-03-12,Direct,Semi-Flex,0.46793676664206585,0
B001060,H015,2025-05-15,Direct,Semi-Flex,0.4676689446952349,0
B000029,H015,2025-04-07,Corporate,Semi-Flex,0.4674916587495756,0
B002225,H013,2025-02-16,Direct,Semi-Flex,0.4674709244297728,0
B011993,H002,2025-11-13,Direct,Semi-Flex,0.467303295414316,0
B000180,H014,2025-01-04,OTA-Expedia,Flexible,0.4672655100025897,0
B002257,H008,2025-12-16,OTA-Expedia,Flexible,0.46724788099224,0
B003468,H003,2025-06-05,Direct,Flexible,0.46695379457588143,0
B001998,H007,2025-06-07,OTA-Expedia,Semi-Flex,0.46670991973692266,0
B006631,H003,2025-03-20,Corporate,Flexible,0.4665346042836699,0
B001416,H003,2025-03-25,Direct,Flexible,0.46642824566419266,0
B011661,H002,2025-02-20,OTA-Booking,Flexible,0.46628710381770033,0
B004938,H004,2025-08-13,Direct,Flexible,0.46624262329599986,0
B007525,H003,2025-12-14,OTA-Booking,Flexible,0.4662082634820619,0
B005041,H006,2025-10-09,OTA-Booking,Flexible,0.46596518519183194,0
B014876,H006,2025-07-28,OTA-Booking,Flexible,0.4658623894848758,0
B013109,H006,2025-09-20,OTA-Expedia,Flexible,0.4658209924165376,0
B012454,H002,2025-10-04,OTA-Booking,Flexible,0.4655488855498111,0
B005323,H004,2025-04-26,OTA-Booking,Flexible,0.4655131439126648,0
B014000,H013,2025-06-23,Direct,Flexible,0.46535384780349176,0
B006598,H010,2025-08-08,OTA-Booking,Flexible,0.46526489381463054,0
B001274,H005,2025-02-02,OTA-Expedia,Flexible,0.4651651578011918,0
B004788,H003,2025-06-04,Direct,Semi-Flex,0.46489917177127804,0
B007163,H012,2025-10-17,OTA-Expedia,Flexible,0.46486773707963336,0
B010451,H005,2025-09-16,OTA-Booking,Flexible,0.46479803323421137,0
B005647,H004,2025-02-17,OTA-Expedia,Flexible,0.464771918402162,0
B004055,H009,2025-08-05,OTA-Booking,Semi-Flex,0.4645659155892553,0
B009044,H012,2025-10-19,OTA-Expedia,Flexible,0.464426927735252,0
B009283,H010,2025-07-27,Direct,Flexible,0.4643730651217745,0
B013642,H008,2025-05-28,Phone,Flexible,0.46434191522772383,0
B012540,H014,2025-12-13,OTA-Booking,Semi-Flex,0.4642874019740151,0
B011912,H003,2025-02-03,OTA-Booking,Semi-Flex,0.4639396439591965,0
B001039,H011,2025-07-01,Direct,Flexible,0.4638776274799898,0
B010795,H003,2025-01-11,Direct,Semi-Flex,0.4637430237887558,0
B001231,H015,2025-07-31,OTA-Booking,Flexible,0.4637301630572564,0
B005353,H014,2025-07-05,OTA-Booking,Flexible,0.46365563859087067,0
B004137,H003,2025-05-15,OTA-Expedia,Flexible,0.4636036328155824,0
B004644,H008,2025-06-19,OTA-Booking,Flexible,0.46359021460409217,0
B007532,H004,2025-05-23,Direct,Semi-Flex,0.46357130013055764,0
B004115,H006,2025-07-01,Direct,Flexible,0.4634807494312828,0
B006365,H007,2025-06-19,OTA-Booking,Flexible,0.4633840820296875,0
B011620,H007,2025-10-20,Direct,Semi-Flex,0.46321763968316226,0
B011829,H006,2025-04-12,OTA-Booking,Flexible,0.46314062046769044,0
B007136,H010,2025-11-05,Phone,Flexible,0.4630818721694747,0
B008239,H006,2025-09-12,OTA-Booking,Flexible,0.46303718071023814,0
B002826,H011,2025-10-07,Direct,Flexible,0.46272479261063715,0
B006522,H014,2025-07-19,OTA-Booking,Semi-Flex,0.46265492816210196,0
B004237,H007,2025-11-05,OTA-Booking,Flexible,0.46259512130708785,0
B001709,H008,2025-02-25,Direct,Semi-Flex,0.46247587729556694,0
B010613,H011,2025-03-22,Direct,Flexible,0.4623817902365771,0
B005609,H003,2025-08-28,OTA-Expedia,Semi-Flex,0.4621879317333172,0
B000262,H009,2025-06-06,OTA-Expedia,Flexible,0.4620035273428622,0
B007944,H011,2025-08-27,OTA-Booking,Semi-Flex,0.4618532492796944,0
B002734,H001,2025-12-02,OTA-Expedia,Flexible,0.4616885960324455,0
B010153,H011,2025-08-26,Corporate,Flexible,0.4615862923157225,0
B014044,H006,2025-10-05,OTA-Booking,Flexible,0.4615659260091269,0
B013176,H011,2025-10-02,Phone,Flexible,0.4615145099973953,0
B011077,H006,2025-10-25,OTA-Booking,Flexible,0.46127806413109496,0
B005848,H014,2025-01-17,OTA-Booking,Semi-Flex,0.46125138165242013,0
B001906,H008,2025-11-07,OTA-Expedia,Flexible,0.4611145435961487,0
B002836,H010,2025-07-02,OTA-Booking,Flexible,0.46099400777663707,0
B008189,H001,2025-07-15,Direct,Flexible,0.46076701764599887,0
B008185,H015,2025-06-25,Direct,Flexible,0.46065631400933205,0
B013222,H013,2025-02-11,Direct,Semi-Flex,0.4604647299942139,0
B003260,H010,2025-01-01,OTA-Booking,Flexible,0.46022768840211725,0
B011888,H004,2025-08-02,OTA-Booking,Semi-Flex,0.4601917010146485,0
B014996,H011,2025-11-02,Phone,Flexible,0.4600278608212609,0
B006838,H010,2025-08-14,OTA-Booking,Flexible,0.459345144658476,0
B004515,H014,2025-04-25,Corporate,Flexible,0.4593072547170733,0
B001979,H004,2025-07-06,OTA-Expedia,Semi-Flex,0.4592317464881572,0
B004023,H011,2025-04-04,Direct,Flexible,0.4592179286996553,0
B002031,H010,2025-02-12,OTA-Expedia,Flexible,0.4590697185693061,0
B007212,H004,2025-05-18,OTA-Expedia,Flexible,0.45899510757550127,0
B004638,H001,2025-07-18,OTA-Booking,Semi-Flex,0.45881532208215603,0
B005688,H011,2025-10-11,Phone,Flexible,0.4587018308149223,0
B004305,H008,2025-03-16,OTA-Booking,Flexible,0.45855882948276866,0
B000982,H002,2025-05-11,Direct,Flexible,0.458467499452039,0
B000745,H002,2025-02-26,OTA-Expedia,Semi-Flex,0.4584152481703678,0
B011933,H008,2025-11-06,Direct,Flexible,0.4584005928295965,0
B001048,H009,2025-07-02,OTA-Booking,Flexible,0.4583585919085277,0
B012488,H007,2025-05-12,OTA-Booking,Flexible,0.4582521568739988,0
B011927,H005,2025-04-28,OTA-Booking,Flexible,0.45806824027183934,0
B014673,H006,2025-01-04,Direct,Semi-Flex,0.4580199314262581,0
B005326,H002,2025-07-10,Corporate,Semi-Flex,0.45790320408114965,0
B000603,H009,2025-04-22,OTA-Booking,Flexible,0.4577113600391994,0
B012986,H006,2025-09-27,OTA-Booking,Flexible,0.4576729991310503,0
B012726,H003,2025-01-09,OTA-Expedia,Flexible,0.45750649510186847,0
B010312,H014,2025-10-04,OTA-Expedia,Semi-Flex,0.45741482841718745,0
B007328,H014,2025-08-28,OTA-Booking,Flexible,0.45735806742196583,0
B012842,H006,2025-12-23,OTA-Booking,Flexible,0.45735233262294417,0
B003815,H015,2025-12-04,Corporate,Flexible,0.4573399117071868,0
B012885,H002,2025-11-26,OTA-Expedia,Flexible,0.45733592399889883,0
B001496,H013,2025-10-06,Phone,Flexible,0.45722049744917553,0
B011305,H011,2025-10-16,OTA-Booking,Flexible,0.45700640487264865,0
B010160,H014,2025-07-16,OTA-Booking,Flexible,0.4569508845533195,0
B007412,H008,2025-10-11,OTA-Expedia,Flexible,0.4569168251122602,0
B001187,H003,2025-02-07,OTA-Expedia,Flexible,0.4563068448573561,0
B007289,H002,2025-01-15,OTA-Booking,Flexible,0.45628422773758187,0
B006664,H015,2025-06-08,OTA-Expedia,Flexible,0.4561373428344211,0
B011965,H014,2025-11-20,Phone,Flexible,0.4561209518327578,0
B009331,H015,2025-07-04,Direct,Flexible,0.4558708587058391,0
B002637,H006,2025-03-30,OTA-Expedia,Flexible,0.45575188002264083,0
B011672,H009,2025-05-06,OTA-Booking,Flexible,0.45571567462302487,0
B007144,H008,2025-11-06,OTA-Expedia,Flexible,0.45567421113409023,0
B001217,H002,2025-04-07,Corporate,Flexible,0.45558480561143433,0
B006192,H002,2025-05-04,Direct,Flexible,0.4555453976746845,0
B013410,H003,2025-04-29,OTA-Booking,Flexible,0.45545476944022634,0
B001167,H001,2025-03-11,Corporate,Semi-Flex,0.45534224124068357,0
B011069,H007,2025-06-22,OTA-Expedia,Flexible,0.4551957612937594,0
B005129,H011,2025-10-06,OTA-Expedia,Flexible,0.45503514082251517,0
B000829,H011,2025-06-07,Corporate,Flexible,0.45503196842807436,0
B006571,H004,2025-07-09,OTA-Expedia,Semi-Flex,0.45492903754219255,0
B009453,H001,2025-03-31,Phone,Semi-Flex,0.4548571172295737,0
B002418,H010,2025-05-03,OTA-Expedia,Flexible,0.4547595461688685,0
B010375,H013,2025-03-09,OTA-Booking,Semi-Flex,0.4547515606613632,0
B009652,H009,2025-08-27,OTA-Expedia,Semi-Flex,0.4546860398114281,0
B002951,H001,2025-02-12,OTA-Expedia,Flexible,0.4546225024242273,0
B000701,H006,2025-04-27,OTA-Booking,Semi-Flex,0.4545672280883486,0
B011193,H014,2025-03-26,Phone,Flexible,0.45454080421198223,0
B000166,H008,2025-03-09,OTA-Booking,Flexible,0.4544316527788919,0
B014796,H012,2025-12-28,OTA-Expedia,Flexible,0.45426417702386535,0
B007938,H015,2025-01-06,OTA-Booking,Semi-Flex,0.45425584654641915,0
B010724,H013,2025-03-10,Direct,Flexible,0.45412989450199237,0
B005474,H015,2025-11-12,Phone,Flexible,0.4540599504541653,0
B012201,H015,2025-12-01,Direct,Semi-Flex,0.45397050566367714,0
B007499,H011,2025-03-14,OTA-Expedia,Flexible,0.45371977583419537,0
B013604,H014,2025-12-05,Direct,Flexible,0.453601017431719,0
B006772,H003,2025-12-21,Direct,Flexible,0.4533436745021299,0
B007628,H001,2025-08-16,OTA-Booking,Flexible,0.4533322248517805,0
B012088,H001,2025-11-13,Direct,Semi-Flex,0.45331441449793547,0
B010471,H007,2025-10-01,Corporate,Flexible,0.4532491390127979,0
B011067,H012,2025-04-13,OTA-Expedia,Semi-Flex,0.4531936717316085,0
B013054,H013,2025-09-17,Direct,Flexible,0.45301389365730865,0
B011701,H005,2025-04-09,Corporate,Flexible,0.4529753170010689,0
B005669,H007,2025-08-07,OTA-Booking,Flexible,0.452787622265262,0
B003983,H004,2025-02-01,OTA-Booking,Flexible,0.4527034291178216,0
B011917,H004,2025-01-21,OTA-Expedia,Flexible,0.4526371207176228,0
B008177,H004,2025-11-02,Phone,Flexible,0.45252249525906196,0
B014253,H009,2025-12-09,OTA-Expedia,Flexible,0.4524595449939114,0
B011099,H015,2025-07-20,OTA-Expedia,Flexible,0.4522501827987761,0
B011072,H015,2025-01-25,OTA-Booking,Semi-Flex,0.452137822791758,0
B004935,H007,2025-10-31,OTA-Booking,Flexible,0.45203708679771276,0
B002631,H013,2025-06-28,OTA-Booking,Semi-Flex,0.45186286988021085,0
B000787,H014,2025-03-29,Corporate,Flexible,0.45185262099972173,0
B006361,H010,2025-06-03,OTA-Booking,Flexible,0.45172247155235434,0
B007522,H007,2025-05-21,OTA-Booking,Flexible,0.4516189753365511,0
B008903,H002,2025-05-01,OTA-Booking,Flexible,0.4515452964445671,0
B000981,H009,2025-11-25,Corporate,Flexible,0.4515063759514642,0
B011743,H015,2025-08-06,OTA-Booking,Flexible,0.45144102973527434,0
B008667,H014,2025-02-17,OTA-Expedia,Flexible,0.45122487545673434,0
B003820,H010,2025-01-20,OTA-Booking,Semi-Flex,0.45113522270149387,0
B011363,H005,2025-05-27,Direct,Flexible,0.45106794270828576,0
B003507,H003,2025-12-27,Phone,Flexible,0.45099362631029233,0
B001775,H011,2025-01-08,OTA-Booking,Flexible,0.45092328499046697,0
B007909,H014,2025-09-06,OTA-Booking,Flexible,0.45079583049697514,0
B001579,H014,2025-02-26,Direct,Semi-Flex,0.4506191219959511,0
B010386,H007,2025-12-02,OTA-Booking,Flexible,0.4506026811509318,0
B008180,H002,2025-11-01,OTA-Booking,Flexible,0.4504008277309115,0
B007337,H008,2025-02-20,OTA-Expedia,Semi-Flex,0.450232259609222,0
B014878,H014,2025-04-10,OTA-Expedia,Semi-Flex,0.44993563027528277,0
B009997,H013,2025-05-22,Direct,Flexible,0.4499181438717922,0
B010364,H004,2025-02-06,OTA-Expedia,Semi-Flex,0.44984678101762865,0
B011923,H004,2025-10-16,Direct,Semi-Flex,0.4495340463240949,0
B005254,H014,2025-05-02,OTA-Expedia,Semi-Flex,0.4488613612068665,0
B008697,H004,2025-09-25,Corporate,Flexible,0.4486274992077544,0
B012963,H008,2025-11-11,OTA-Booking,Flexible,0.44862682892293926,0
B010350,H014,2025-07-15,OTA-Booking,Flexible,0.4485910376050602,0
B000452,H008,2025-12-28,OTA-Booking,Flexible,0.44845137782947403,0
B003373,H004,2025-02-25,Direct,Semi-Flex,0.4483509032872031,0
B012875,H006,2025-05-13,OTA-Expedia,Semi-Flex,0.4482566989540327,0
B000382,H010,2025-05-29,Phone,Flexible,0.44782452400851486,0
B012571,H006,2025-10-06,OTA-Booking,Flexible,0.4475977750098719,0
B003329,H003,2025-06-18,OTA-Booking,Flexible,0.44759292632001474,0
B010203,H015,2025-12-21,Direct,Flexible,0.44747374437578263,0
B006779,H009,2025-04-17,OTA-Booking,Flexible,0.44741254766461547,0
B003855,H013,2025-07-03,Direct,Flexible,0.4473289515097618,0
B002510,H002,2025-09-13,Corporate,Flexible,0.4472889312237485,0
B007708,H002,2025-09-07,Direct,Flexible,0.4472681075799086,0
B000852,H014,2025-03-21,Corporate,Semi-Flex,0.4469734279327038,0
B013679,H002,2025-10-05,OTA-Booking,Flexible,0.4468278730299552,0
B013459,H003,2025-08-06,OTA-Booking,Flexible,0.4466343396075205,0
B007849,H003,2025-03-06,Direct,Flexible,0.44660187315429556,0
B008768,H004,2025-11-10,OTA-Expedia,Flexible,0.4465916776313695,0
B001265,H003,2025-06-12,OTA-Expedia,Flexible,0.4465521264223121,0
B014313,H001,2025-02-10,OTA-Booking,Flexible,0.44623811389087803,0
B009138,H001,2025-01-12,Direct,Semi-Flex,0.44605437569792444,0
B011349,H005,2025-11-22,Phone,Flexible,0.44600776313807033,0
B001493,H012,2025-01-12,OTA-Booking,Flexible,0.4460019152431644,0
B005578,H015,2025-04-16,Corporate,Semi-Flex,0.4459842472692109,0
B011498,H013,2025-10-18,OTA-Booking,Semi-Flex,0.4455604277790072,0
B014377,H010,2025-02-27,Phone,Flexible,0.44526840236029896,0
B012727,H013,2025-01-17,OTA-Expedia,Flexible,0.44517911452466374,0
B006495,H005,2025-10-24,OTA-Booking,Flexible,0.44506694754158826,0
B006312,H009,2025-11-09,Direct,Flexible,0.4449696557259048,0
B002643,H008,2025-05-19,OTA-Booking,Semi-Flex,0.4449486231600553,0
B009710,H012,2025-12-02,OTA-Expedia,Flexible,0.4447466928990077,0
B009140,H015,2025-11-22,Direct,Flexible,0.4446910627215686,0
B013836,H006,2025-05-24,OTA-Booking,Flexible,0.4441008864317353,0
B010281,H003,2025-11-12,Direct,Flexible,0.44388508090858125,0
B009847,H007,2025-04-14,Direct,Flexible,0.44388157751347934,0
B013962,H004,2025-02-12,OTA-Booking,Flexible,0.4436060129804202,0
B002548,H013,2025-11-04,Direct,Flexible,0.4435936589178057,0
B003200,H015,2025-11-15,OTA-Expedia,Flexible,0.44356840598490677,0
B010045,H006,2025-04-19,OTA-Booking,Flexible,0.4435006377670118,0
B014305,H015,2025-03-04,OTA-Booking,Flexible,0.44330863711147533,0
B007508,H010,2025-02-15,Corporate,Flexible,0.44319534210687334,0
B005420,H008,2025-07-15,OTA-Booking,Flexible,0.44317599486733517,0
B003319,H006,2025-07-17,OTA-Expedia,Flexible,0.4431728769036125,0
B009321,H010,2025-10-03,OTA-Booking,Flexible,0.4431610284982729,0
B003463,H013,2025-02-10,Corporate,Semi-Flex,0.4431241967165438,0
B009288,H006,2025-10-07,OTA-Expedia,Flexible,0.44303151446044997,0
B005440,H010,2025-03-23,OTA-Booking,Semi-Flex,0.4427773026124727,0
B014924,H007,2025-01-25,Phone,Semi-Flex,0.4425090315815685,0
B003950,H007,2025-02-13,OTA-Booking,Flexible,0.44238834201946237,0
B010811,H010,2025-01-20,OTA-Booking,Flexible,0.4423509870170601,0
B013022,H015,2025-03-18,Corporate,Semi-Flex,0.44230320714416427,0
B014748,H002,2025-01-29,OTA-Booking,Semi-Flex,0.4422849731170054,0
B004758,H007,2025-11-17,Direct,Semi-Flex,0.44221865643441605,0
B007911,H002,2025-02-08,Phone,Semi-Flex,0.44220979902428376,0
B013366,H009,2025-04-08,OTA-Booking,Flexible,0.4420894901045518,0
B005295,H007,2025-08-06,OTA-Booking,Flexible,0.4420473297594512,0
B003669,H009,2025-08-05,Phone,Flexible,0.4415053321495246,0
B010805,H005,2025-01-21,Direct,Flexible,0.44140744905152474,0
B000677,H010,2025-08-20,OTA-Booking,Semi-Flex,0.44136829391421206,0
B006496,H011,2025-12-16,OTA-Booking,Flexible,0.44107826505738584,0
B008096,H003,2025-10-07,Direct,Flexible,0.44101002035912096,0
B010948,H009,2025-01-03,OTA-Booking,Semi-Flex,0.4410042981368973,0
B006875,H015,2025-11-06,OTA-Expedia,Semi-Flex,0.4409707768458526,0
B013982,H012,2025-10-02,OTA-Booking,Semi-Flex,0.4409161139866799,0
B001244,H004,2025-03-18,OTA-Booking,Semi-Flex,0.4406378383433692,0
B014310,H013,2025-09-26,Corporate,Semi-Flex,0.4405908427890788,0
B002583,H015,2025-06-13,OTA-Booking,Flexible,0.4404712102521039,0
B000270,H003,2025-12-14,Direct,Flexible,0.44044614403262355,0
B002310,H003,2025-07-17,Corporate,Semi-Flex,0.4402171227058404,0
B010240,H002,2025-02-26,OTA-Booking,Semi-Flex,0.4399866932602622,0
B012433,H008,2025-10-11,OTA-Booking,Flexible,0.4398601043936113,0
B012733,H004,2025-09-21,OTA-Booking,Flexible,0.43950551357006706,0
B005732,H010,2025-12-02,Phone,Semi-Flex,0.4393857326160236,0
B005406,H015,2025-12-04,OTA-Booking,Semi-Flex,0.4393297088823367,0
B000312,H004,2025-09-01,Corporate,Flexible,0.43928246340303073,0
B012647,H002,2025-07-30,Phone,Flexible,0.4390623324679001,0
B013555,H010,2025-01-01,OTA-Booking,Flexible,0.4390527959378689,0
B007658,H012,2025-08-16,OTA-Expedia,Flexible,0.4390375049724783,0
B013453,H004,2025-11-12,OTA-Booking,Semi-Flex,0.4389440369267272,0
B013461,H010,2025-02-20,OTA-Booking,Flexible,0.43863976321001125,0
B004876,H007,2025-09-25,Phone,Flexible,0.438535953403379,0
B010855,H009,2025-06-03,OTA-Booking,Semi-Flex,0.43846426483260215,0
B000882,H007,2025-02-19,Direct,Flexible,0.4383989253875173,0
B005020,H005,2025-07-27,OTA-Expedia,Flexible,0.43831456969321847,0
B011601,H003,2025-10-03,Direct,Flexible,0.4381122658483225,0
B010056,H001,2025-01-14,OTA-Expedia,Flexible,0.43804832047723274,0
B007502,H003,2025-06-21,OTA-Booking,Flexible,0.43792722389832106,0
B000782,H010,2025-12-14,Direct,Flexible,0.4378072184524681,0
B003834,H014,2025-06-16,OTA-Booking,Semi-Flex,0.43772039307057276,0
B007605,H008,2025-01-25,OTA-Expedia,Flexible,0.43766199086529134,0
B014918,H011,2025-08-23,OTA-Expedia,Semi-Flex,0.4375757697158431,0
B011209,H009,2025-12-17,OTA-Booking,Semi-Flex,0.4373107958281971,0
B004494,H014,2025-11-03,OTA-Expedia,Semi-Flex,0.4372756956331371,0
B009920,H015,2025-11-09,OTA-Expedia,Flexible,0.4372301273953551,0
B013333,H014,2025-03-20,OTA-Booking,Flexible,0.4369435654879833,0
B004797,H015,2025-05-25,OTA-Booking,Semi-Flex,0.43691881128203386,0
B008081,H002,2025-01-08,OTA-Booking,Semi-Flex,0.4369114538366728,0
B014838,H004,2025-04-14,Direct,Flexible,0.43687387542276207,0
B000720,H012,2025-01-30,OTA-Expedia,Semi-Flex,0.43657397833752637,0
B013739,H003,2025-10-17,OTA-Expedia,Flexible,0.43653696257628116,0
B001817,H005,2025-10-12,Corporate,Flexible,0.4364927756018417,0
B011634,H004,2025-04-02,OTA-Expedia,Flexible,0.436442862630871,0
B009389,H004,2025-02-21,OTA-Booking,Flexible,0.43596542661974536,0
B009019,H011,2025-06-14,OTA-Booking,Flexible,0.43581274714721063,0
B011014,H003,2025-09-17,Corporate,Flexible,0.43576254343448534,0
B009001,H003,2025-12-24,Direct,Flexible,0.43574185718574004,0
B004740,H007,2025-04-15,Phone,Flexible,0.43556670479520837,0
B014473,H009,2025-04-13,OTA-Booking,Flexible,0.43554398457270804,0
B013869,H008,2025-02-07,OTA-Booking,Flexible,0.43548358577350976,0
B006542,H010,2025-03-28,OTA-Booking,Semi-Flex,0.4354070309451083,0
B003028,H005,2025-03-02,OTA-Booking,Semi-Flex,0.4352553848020171,0
B009061,H005,2025-11-03,OTA-Booking,Semi-Flex,0.4351695636105353,0
B001411,H003,2025-03-04,Direct,Flexible,0.4350763799292837,0
B006132,H009,2025-06-08,OTA-Expedia,Flexible,0.434995398287174,0
B013999,H004,2025-10-02,Corporate,Flexible,0.4349697290959052,0
B002863,H004,2025-07-16,Corporate,Semi-Flex,0.43494063719842946,0
B003519,H005,2025-01-09,OTA-Booking,Flexible,0.4347919397790044,0
B003094,H001,2025-11-08,OTA-Booking,Semi-Flex,0.4345434530955733,0
B002379,H002,2025-08-16,Direct,Flexible,0.43444158306553327,0
B000555,H011,2025-04-16,OTA-Expedia,Flexible,0.43429359511514726,0
B003320,H005,2025-05-01,Corporate,Flexible,0.4342534785024645,0
B007626,H004,2025-09-15,OTA-Booking,Flexible,0.43412495399180495,0
B011279,H011,2025-03-18,OTA-Expedia,Flexible,0.43407531340313094,0
B006017,H001,2025-10-27,OTA-Expedia,Flexible,0.4339343814194635,0
B010642,H003,2025-07-19,Direct,Semi-Flex,0.4337568634361366,0
B005030,H004,2025-06-26,OTA-Booking,Flexible,0.43359979534257714,0
B011754,H007,2025-05-31,OTA-Expedia,Flexible,0.433537474230652,0
B008628,H011,2025-10-12,Corporate,Semi-Flex,0.4334335303718438,0
B002390,H014,2025-06-29,OTA-Expedia,Flexible,0.43340182320754417,0
B014514,H004,2025-08-21,Direct,Flexible,0.4333669700758428,0
B011542,H012,2025-09-30,OTA-Booking,Semi-Flex,0.4332158718290443,0
B011142,H006,2025-11-11,Corporate,Flexible,0.4331851957544778,0
B007405,H010,2025-01-23,Corporate,Flexible,0.43310504978487857,0
B009717,H002,2025-02-04,OTA-Booking,Flexible,0.43307427614541066,0
B006155,H003,2025-12-08,OTA-Booking,Semi-Flex,0.43306384463088327,0
B008454,H012,2025-04-07,OTA-Expedia,Semi-Flex,0.432810203691849,0
B001110,H003,2025-06-13,Direct,Flexible,0.4326960065252011,0
B000280,H008,2025-11-15,Direct,Flexible,0.4326789607456862,0
B009700,H003,2025-07-02,OTA-Expedia,Flexible,0.4326004624087041,0
B010017,H009,2025-03-17,OTA-Booking,Flexible,0.4322547244916061,0
B005865,H015,2025-05-02,Direct,Flexible,0.43218296728228756,0
B001230,H002,2025-12-22,OTA-Expedia,Semi-Flex,0.431999267973031,0
B002482,H002,2025-06-15,OTA-Booking,Flexible,0.43191461157135086,0
B011007,H009,2025-08-27,Direct,Flexible,0.43190630572099475,0
B002874,H012,2025-06-01,OTA-Expedia,Flexible,0.43176769051795605,0
B007064,H010,2025-07-07,OTA-Booking,Flexible,0.43176182238569133,0
B004882,H015,2025-05-20,OTA-Booking,Flexible,0.4317339909957649,0
B004574,H003,2025-05-21,Direct,Flexible,0.43159927793690434,0
B000254,H003,2025-04-06,OTA-Expedia,Flexible,0.43141577306513507,0
B013822,H004,2025-04-13,Phone,Flexible,0.43140281695692645,0
B007724,H009,2025-09-26,Direct,Semi-Flex,0.43122595393869695,0
B004245,H003,2025-02-19,Direct,Flexible,0.4310988760030536,0
B005083,H012,2025-08-10,OTA-Booking,Flexible,0.4310209470319989,0
B013581,H002,2025-05-20,Phone,Semi-Flex,0.4309710221476758,0
B009864,H008,2025-03-24,OTA-Booking,Flexible,0.43084511678194326,0
B001895,H002,2025-03-17,Direct,Semi-Flex,0.4306898370170805,0
B013348,H002,2025-01-15,OTA-Booking,Flexible,0.4306474663412747,0
B008815,H012,2025-01-28,Direct,Semi-Flex,0.4305219251039003,0
B005422,H008,2025-05-03,Direct,Semi-Flex,0.43050983174899704,0
B012743,H005,2025-01-26,Direct,Flexible,0.430498942055733,0
B005187,H008,2025-09-26,OTA-Booking,Flexible,0.43028562689445277,0
B013246,H010,2025-01-26,Direct,Flexible,0.4302795478638399,0
B010089,H013,2025-10-02,OTA-Expedia,Flexible,0.4302481028196794,0
B005139,H005,2025-08-11,OTA-Booking,Flexible,0.43019444558245207,0
B004504,H003,2025-08-13,Direct,Flexible,0.43019273349103143,0
B014687,H003,2025-02-18,OTA-Booking,Flexible,0.43019120054615756,0
B002498,H011,2025-07-09,Direct,Flexible,0.43016576937958567,0
B002764,H004,2025-04-16,Direct,Flexible,0.4299921802612858,0
B006960,H008,2025-03-13,OTA-Expedia,Semi-Flex,0.4299196097627049,0
B007155,H005,2025-04-09,OTA-Expedia,Semi-Flex,0.42990666062713745,0
B010908,H006,2025-07-17,Direct,Semi-Flex,0.4298007942366041,0
B010506,H005,2025-05-06,OTA-Booking,Flexible,0.42965792867955227,0
B011107,H011,2025-12-09,OTA-Booking,Flexible,0.4295717212140559,0
B013279,H010,2025-10-02,OTA-Expedia,Flexible,0.4295092012346348,0
B011960,H008,2025-03-11,OTA-Booking,Flexible,0.42946138321511973,0
B009342,H004,2025-07-15,OTA-Booking,Flexible,0.4294504331204456,0
B010815,H004,2025-06-02,OTA-Expedia,Semi-Flex,0.4291473359632904,0
B003822,H012,2025-06-11,OTA-Booking,Flexible,0.42891696884972125,0
B014287,H002,2025-04-15,Corporate,Flexible,0.4288779372698592,0
B004699,H007,2025-03-18,Direct,Flexible,0.42885783891264356,0
B012749,H010,2025-02-02,Direct,Flexible,0.42884553830553357,0
B011594,H006,2025-03-25,OTA-Booking,Flexible,0.42865121219306723,0
B001210,H004,2025-08-24,OTA-Booking,Semi-Flex,0.42858507842288973,0
B001119,H013,2025-02-12,Direct,Semi-Flex,0.42856922740452214,0
B004867,H014,2025-10-27,Direct,Flexible,0.4283771752669846,0
B001869,H002,2025-09-17,Direct,Semi-Flex,0.42835905224461773,0
B005536,H010,2025-10-31,OTA-Expedia,Flexible,0.4283285746808593,0
B014650,H012,2025-03-23,OTA-Booking,Flexible,0.4283162274610583,0
B003378,H005,2025-01-22,OTA-Expedia,Semi-Flex,0.4283011750306646,0
B005042,H006,2025-10-09,OTA-Booking,Flexible,0.42827628949341556,0
B013714,H007,2025-07-26,Direct,Flexible,0.42816207740436996,0
B005123,H001,2025-02-18,OTA-Expedia,Flexible,0.42811756125265493,0
B010340,H009,2025-10-24,OTA-Booking,Semi-Flex,0.4280643290053731,0
B002377,H009,2025-09-16,OTA-Booking,Flexible,0.42800578151588087,0
B005398,H014,2025-06-10,Direct,Semi-Flex,0.42788805686870784,0
B004406,H008,2025-06-13,Direct,Semi-Flex,0.42785543073129567,0
B009295,H007,2025-05-19,OTA-Booking,Flexible,0.42779724377881034,0
B011563,H009,2025-04-04,Phone,Flexible,0.42743183882006175,0
B008024,H009,2025-10-25,Direct,Flexible,0.4271192492126624,0
B003158,H004,2025-04-09,OTA-Booking,Semi-Flex,0.4268630953233133,0
B013420,H001,2025-09-05,Direct,Semi-Flex,0.4267230846365628,0
B011456,H012,2025-04-30,OTA-Booking,Flexible,0.4266905569452324,0
B012290,H003,2025-06-27,OTA-Expedia,Flexible,0.4266300531189116,0
B008551,H010,2025-07-21,OTA-Booking,Flexible,0.4265230127135683,0
B008783,H006,2025-01-11,OTA-Booking,Flexible,0.4264723305061975,0
B000689,H004,2025-08-13,OTA-Booking,Flexible,0.42615702134424877,0
B004444,H008,2025-01-23,Corporate,Semi-Flex,0.42579571485831336,0
B005603,H005,2025-08-04,OTA-Expedia,Semi-Flex,0.42576911731476325,0
B011245,H002,2025-03-18,OTA-Booking,Semi-Flex,0.4256851772548341,0
B011778,H001,2025-02-15,OTA-Booking,Semi-Flex,0.4256181102949398,0
B004712,H002,2025-10-11,Phone,Flexible,0.4255024072241441,0
B004925,H005,2025-08-10,OTA-Booking,Semi-Flex,0.4254596498058953,0
B011005,H014,2025-02-07,Direct,Flexible,0.42514885907366723,0
B007758,H007,2025-09-21,OTA-Booking,Semi-Flex,0.4246786677886328,0
B001749,H006,2025-11-06,Direct,Flexible,0.4245103285749195,0
B013695,H008,2025-04-19,OTA-Booking,Flexible,0.4244951471652878,0
B009943,H009,2025-03-26,OTA-Expedia,Flexible,0.42431820569588263,0
B006384,H008,2025-10-24,Direct,Flexible,0.424161229238952,0
B003348,H015,2025-05-07,OTA-Booking,Flexible,0.4240367788938171,0
B003313,H005,2025-04-24,Direct,Flexible,0.42392188572544787,0
B010982,H005,2025-07-03,Direct,Semi-Flex,0.4239015251278753,0
B007852,H011,2025-05-01,Direct,Flexible,0.423809643979623,0
B008250,H010,2025-12-04,Direct,Flexible,0.4238059111076353,0
B006018,H008,2025-02-04,Corporate,Flexible,0.4237604050529932,0
B012895,H003,2025-07-02,Phone,Semi-Flex,0.42368953298323214,0
B006037,H013,2025-11-10,Corporate,Flexible,0.42367412319462194,0
B013427,H012,2025-02-17,OTA-Expedia,Flexible,0.42364089503735786,0
B009200,H015,2025-04-29,Phone,Flexible,0.42354653843438433,0
B012154,H014,2025-08-23,Phone,Semi-Flex,0.42352258720353037,0
B000374,H002,2025-11-09,Direct,Semi-Flex,0.42345512789976647,0
B013996,H001,2025-10-16,Corporate,Flexible,0.42340182681380467,0
B010940,H007,2025-06-06,OTA-Booking,Flexible,0.42325065995229355,0
B008616,H012,2025-05-15,Direct,Flexible,0.4232355303931509,0
B001653,H003,2025-07-23,Corporate,Semi-Flex,0.42310665450185975,0
B009017,H014,2025-08-16,Direct,Semi-Flex,0.42306392388199104,0
B004484,H003,2025-05-04,Corporate,Flexible,0.42301615636432166,0
B009826,H013,2025-10-17,Direct,Flexible,0.4227835790064359,0
B000117,H003,2025-03-26,OTA-Expedia,Flexible,0.42274701457125585,0
B009966,H012,2025-02-25,OTA-Booking,Flexible,0.42268941256103965,0
B000978,H006,2025-08-14,OTA-Booking,Flexible,0.4226416708705385,0
B006660,H002,2025-04-17,OTA-Booking,Flexible,0.4226156190831945,0
B010997,H006,2025-09-18,OTA-Booking,Semi-Flex,0.4225599568159143,0
B000760,H008,2025-06-26,OTA-Booking,Flexible,0.4225033841587228,0
B003444,H014,2025-09-13,OTA-Expedia,Flexible,0.4225026255368134,0
B001863,H007,2025-11-25,OTA-Booking,Flexible,0.42247931087933255,0
B002442,H013,2025-07-10,Direct,Flexible,0.42239200597654414,0
B006241,H001,2025-02-17,Phone,Flexible,0.42188924633942154,0
B004204,H005,2025-01-21,OTA-Expedia,Semi-Flex,0.42186701030960355,0
B011689,H007,2025-07-08,Direct,Flexible,0.4218332369819614,0
B001022,H012,2025-07-09,Direct,Flexible,0.4218186387764221,0
B001078,H005,2025-12-08,OTA-Booking,Flexible,0.42176077060542067,0
B014485,H003,2025-02-16,OTA-Expedia,Flexible,0.42159636290028474,0
B009481,H010,2025-10-08,OTA-Booking,Flexible,0.4213731146521868,0
B009562,H001,2025-12-20,Direct,Flexible,0.42126860324322607,0
B002613,H008,2025-10-31,OTA-Expedia,Semi-Flex,0.42119652791111406,0
B003087,H002,2025-06-21,OTA-Booking,Flexible,0.4211261723488971,0
B010517,H012,2025-09-11,OTA-Expedia,Flexible,0.4210587289397265,0
B014980,H013,2025-10-06,Direct,Flexible,0.4210229608702636,0
B007862,H011,2025-08-18,OTA-Expedia,Flexible,0.420811362276655,0
B007492,H013,2025-12-04,Phone,Flexible,0.42079984811592414,0
B011215,H004,2025-02-11,OTA-Booking,Semi-Flex,0.4207599029713357,0
B006036,H009,2025-04-03,OTA-Booking,Semi-Flex,0.4206919276604755,0
B002159,H007,2025-05-12,Direct,Flexible,0.42056870006170044,0
B010291,H006,2025-03-17,Corporate,Flexible,0.4205596991629986,0
B014860,H010,2025-05-23,OTA-Booking,Flexible,0.4202707085484589,0
B004503,H004,2025-12-17,Direct,Flexible,0.4202575203816365,0
B005638,H006,2025-12-28,Direct,Semi-Flex,0.42015542282340296,0
B005737,H010,2025-01-30,Direct,Flexible,0.4200297670969929,0
B002720,H002,2025-12-02,Phone,Flexible,0.4199575434003608,0
B006959,H003,2025-09-28,OTA-Expedia,Semi-Flex,0.4198230992800635,0
B014513,H008,2025-06-22,OTA-Booking,Flexible,0.4197455500585949,0
B005539,H009,2025-06-05,OTA-Booking,Semi-Flex,0.41932200548728904,0
B007728,H007,2025-10-25,Phone,Flexible,0.4191585588499741,0
B001478,H012,2025-12-21,OTA-Expedia,Flexible,0.41905362047485856,0
B008166,H011,2025-11-26,Direct,Semi-Flex,0.41903393113401644,0
B006688,H006,2025-01-03,Direct,Flexible,0.4185178000679288,0
B003816,H005,2025-08-22,Phone,Flexible,0.41847505303080756,0
B006313,H013,2025-12-25,OTA-Expedia,Flexible,0.4184669229422093,0
B008060,H012,2025-07-25,OTA-Booking,Semi-Flex,0.4181732724595248,0
B006371,H007,2025-09-24,Direct,Flexible,0.41754199468557324,0
B004271,H001,2025-04-26,Corporate,Flexible,0.4174866865911634,0
B012967,H015,2025-05-31,OTA-Booking,Semi-Flex,0.4174534254218927,0
B010629,H009,2025-11-07,Direct,Flexible,0.4172531093350031,0
B014705,H005,2025-05-21,OTA-Booking,Semi-Flex,0.4171854544285097,0
B010486,H005,2025-03-01,OTA-Booking,Semi-Flex,0.41715043034493887,0
B014271,H012,2025-04-01,Phone,Flexible,0.417138934046209,0
B002647,H002,2025-11-21,OTA-Booking,Flexible,0.41691327903758985,0
B006197,H008,2025-12-29,OTA-Booking,Flexible,0.4168391874169053,0
B000841,H002,2025-11-12,Corporate,Flexible,0.4168001342937374,0
B007181,H005,2025-05-30,OTA-Booking,Flexible,0.4167610741165329,0
B000613,H012,2025-09-18,OTA-Expedia,Flexible,0.4167331423677711,0
B005805,H003,2025-08-07,Direct,Semi-Flex,0.41670437949998157,0
B009223,H001,2025-08-13,Direct,Flexible,0.41664691922641744,0
B007916,H015,2025-09-03,OTA-Booking,Flexible,0.416521594297639,0
B003662,H002,2025-12-25,Direct,Flexible,0.4162645110488898,0
B009952,H001,2025-05-21,Phone,Flexible,0.41602033036687747,0
B013386,H002,2025-04-12,OTA-Expedia,Flexible,0.41591545987761785,0
B013161,H006,2025-06-24,OTA-Booking,Flexible,0.4159022900003657,0
B012751,H004,2025-09-28,OTA-Expedia,Flexible,0.41582327879115716,0
B002447,H001,2025-05-08,Corporate,Semi-Flex,0.41579389313900705,0
B010884,H001,2025-10-04,Direct,Flexible,0.41571945370001145,0
B012029,H003,2025-02-06,Phone,Semi-Flex,0.4155857323614287,0
B012871,H010,2025-09-06,Phone,Flexible,0.41547531687049555,0
B010927,H001,2025-12-28,Direct,Semi-Flex,0.4153875155665959,0
B005890,H009,2025-09-20,OTA-Expedia,Flexible,0.4151975388794781,0
B001904,H001,2025-09-10,OTA-Booking,Flexible,0.41519040565051524,0
B002287,H012,2025-03-13,OTA-Booking,Semi-Flex,0.41480723838696304,0
B013722,H007,2025-07-16,Corporate,Flexible,0.4148018176390027,0
B012881,H011,2025-08-13,OTA-Expedia,Flexible,0.4147196571692711,0
B012022,H010,2025-04-29,OTA-Booking,Flexible,0.414601400768267,0
B004398,H003,2025-11-11,OTA-Booking,Flexible,0.4143063149479653,0
B006970,H012,2025-08-02,OTA-Booking,Flexible,0.4142823423866823,0
B013553,H003,2025-03-10,Phone,Semi-Flex,0.4142427594668174,0
B014289,H006,2025-07-22,Phone,Semi-Flex,0.41414793184699894,0
B003556,H003,2025-03-21,Corporate,Flexible,0.41410437302372777,0
B011677,H007,2025-04-17,Direct,Flexible,0.41409542789876025,0
B000774,H004,2025-04-21,Phone,Flexible,0.4139926319458737,0
B014219,H015,2025-10-21,OTA-Booking,Flexible,0.41381976971304013,0
B008458,H010,2025-08-06,OTA-Booking,Flexible,0.41379950721566416,0
B005517,H002,2025-01-30,Direct,Semi-Flex,0.41361989517571035,0
B002883,H004,2025-10-08,OTA-Booking,Semi-Flex,0.4135645481019246,0
B011179,H005,2025-06-02,OTA-Booking,Flexible,0.41350460087338314,0
B010330,H008,2025-09-08,OTA-Booking,Semi-Flex,0.41347057721768044,0
B006077,H002,2025-05-08,OTA-Booking,Flexible,0.4134334070626565,0
B002684,H007,2025-10-04,OTA-Booking,Flexible,0.4133758753660631,0
B008781,H013,2025-04-01,Corporate,Flexible,0.4133514755323963,0
B013569,H004,2025-03-26,OTA-Booking,Flexible,0.4133098231471137,0
B014487,H004,2025-08-03,OTA-Expedia,Flexible,0.41329891394341806,0
B009794,H007,2025-04-21,OTA-Expedia,Flexible,0.4131730015632526,0
B013345,H003,2025-12-02,OTA-Booking,Semi-Flex,0.41313193925795216,0
B011129,H012,2025-04-10,OTA-Booking,Flexible,0.41310178386442215,0
B009634,H001,2025-11-26,Direct,Flexible,0.41300348754172755,0
B004998,H013,2025-03-11,OTA-Booking,Flexible,0.4129103853311287,0
B002186,H013,2025-11-10,OTA-Booking,Semi-Flex,0.41288329091271775,0
B006172,H015,2025-01-28,Direct,Flexible,0.412771385844011,0
B005191,H008,2025-11-30,Corporate,Flexible,0.4127483881511562,0
B005135,H015,2025-11-09,OTA-Expedia,Flexible,0.4126772640795181,0
B013012,H006,2025-03-28,OTA-Booking,Flexible,0.4126754373121969,0
B005903,H009,2025-03-22,OTA-Expedia,Flexible,0.4126701270981308,0
B002556,H003,2025-08-20,OTA-Booking,Flexible,0.41267004417134,0
B001651,H006,2025-07-23,OTA-Booking,Semi-Flex,0.4125207004624997,0
B009900,H012,2025-10-27,OTA-Expedia,Flexible,0.4124800262389801,0
B007969,H004,2025-11-19,OTA-Expedia,Flexible,0.4124018372127862,0
B009384,H007,2025-01-06,Phone,Flexible,0.41230008934654094,0
B004686,H001,2025-11-18,Phone,Flexible,0.4122573561911646,0
B014927,H001,2025-02-03,Direct,Semi-Flex,0.4121295179942476,0
B013184,H006,2025-07-10,OTA-Booking,Flexible,0.41199197488201755,0
B008456,H004,2025-12-14,Phone,Semi-Flex,0.4119244745776882,0
B002210,H013,2025-12-02,Direct,Semi-Flex,0.4118483998008938,0
B006556,H007,2025-08-01,OTA-Booking,Flexible,0.4118404815127438,0
B012432,H005,2025-03-05,OTA-Booking,Semi-Flex,0.41173694297611085,0
B014892,H004,2025-10-16,OTA-Booking,Semi-Flex,0.41172384551598773,0
B008659,H003,2025-10-07,Corporate,Flexible,0.4116379479869112,0
B011270,H013,2025-05-26,OTA-Booking,Flexible,0.41151141806289404,0
B013496,H003,2025-08-10,Direct,Flexible,0.411336132852714,0
B001456,H009,2025-02-19,OTA-Booking,Flexible,0.41127480318147863,0
B009146,H008,2025-03-27,OTA-Expedia,Flexible,0.4112252220659363,0
