booking_id,hotel_id,checkin_date,channel,cancellation_policy,p_cancel,pred_thr_0.5,pred_thr_bestF1
B007269,H011,2025-11-11,Corporate,Semi-Flex,0.8888888888888888,1,1
B008232,H002,2025-07-01,OTA-Expedia,Semi-Flex,0.8418916088701228,1,1
B003948,H015,2025-10-21,OTA-Expedia,Semi-Flex,0.8228571428571428,1,1
B007259,H011,2025-01-15,OTA-Expedia,Flexible,0.8228571428571428,1,1
B003697,H015,2025-09-30,OTA-Expedia,Semi-Flex,0.8228571428571428,1,1
B004653,H002,2025-12-24,OTA-Expedia,Flexible,0.7953971794274547,1,1
B013908,H011,2025-04-04,OTA-Expedia,Semi-Flex,0.7639112981980225,1,1
B001272,H011,2025-11-04,Corporate,Semi-Flex,0.7407407407407408,1,1
B009618,H011,2025-09-13,Corporate,Flexible,0.7386227028710488,1,1
B007796,H013,2025-05-13,OTA-Expedia,Semi-Flex,0.7283950617283951,1,1
B004658,H015,2025-05-06,OTA-Booking,Semi-Flex,0.724134177606521,1,1
B012264,H003,2025-08-30,Corporate,Semi-Flex,0.71638896033236,1,1
B006045,H007,2025-11-18,OTA-Booking,Semi-Flex,0.7129629629629629,1,1
B009210,H011,2025-12-06,OTA-Expedia,Flexible,0.7117460317460317,1,1
B014056,H003,2025-07-30,OTA-Expedia,Flexible,0.6747089947089947,1,1
B007276,H002,2025-01-28,OTA-Expedia,Semi-Flex,0.6654184064404349,1,1
B013297,H013,2025-03-07,Corporate,Flexible,0.6623633156966491,1,1
B008664,H002,2025-01-18,OTA-Booking,Semi-Flex,0.6623633156966491,1,1
B008384,H013,2025-07-12,OTA-Booking,Flexible,0.6623633156966491,1,1
B007940,H013,2025-11-22,OTA-Booking,Flexible,0.6623633156966491,1,1
B010456,H013,2025-10-20,Corporate,Flexible,0.6623633156966491,1,1
B010331,H015,2025-04-19,Corporate,Semi-Flex,0.6623633156966491,1,1
B008404,H013,2025-03-18,OTA-Booking,Flexible,0.6623633156966491,1,1
B005001,H002,2025-09-17,Corporate,Semi-Flex,0.6623633156966491,1,1
B014347,H008,2025-01-22,OTA-Booking,Flexible,0.6623633156966491,1,1
B010023,H014,2025-03-04,OTA-Booking,Semi-Flex,0.6623633156966491,1,1
B009499,H015,2025-03-26,OTA-Booking,Semi-Flex,0.6623633156966491,1,1
B010679,H004,2025-08-27,OTA-Booking,Semi-Flex,0.6623633156966491,1,1
B013106,H015,2025-06-28,OTA-Expedia,Semi-Flex,0.6623633156966491,1,1
B002879,H011,2025-01-08,OTA-Booking,Flexible,0.6613988095238096,1,1
B005442,H011,2025-08-08,OTA-Expedia,Flexible,0.6613988095238096,1,1
B000517,H011,2025-03-26,OTA-Booking,Flexible,0.6613988095238096,1,1
B003071,H011,2025-12-05,OTA-Booking,Flexible,0.6613988095238096,1,1
B002038,H011,2025-08-05,OTA-Expedia,Flexible,0.6613988095238096,1,1
B010604,H011,2025-06-27,OTA-Expedia,Flexible,0.6613988095238096,1,1
B005031,H011,2025-05-09,OTA-Booking,Flexible,0.6613988095238096,1,1
B011123,H013,2025-11-22,OTA-Expedia,Flexible,0.6561904761904762,1,1
B000314,H013,2025-02-06,OTA-Expedia,Flexible,0.6561904761904762,1,1
B008897,H013,2025-02-11,OTA-Booking,Flexible,0.6561904761904762,1,1
B000049,H013,2025-04-09,Corporate,Semi-Flex,0.646931216931217,1,1
B007690,H013,2025-12-21,Corporate,Flexible,0.646931216931217,1,1
B011345,H013,2025-06-04,OTA-Booking,Semi-Flex,0.646931216931217,1,1
B009490,H014,2025-03-15,OTA-Expedia,Semi-Flex,0.646931216931217,1,1
B010615,H013,2025-08-30,Direct,Flexible,0.646931216931217,1,1
B002546,H007,2025-07-09,OTA-Expedia,Semi-Flex,0.6451151215794028,1,1
B002363,H008,2025-08-31,Corporate,Semi-Flex,0.6450793650793651,1,1
B011652,H011,2025-12-06,Corporate,Semi-Flex,0.6434072137472524,1,1
B014497,H002,2025-01-15,Corporate,Semi-Flex,0.6318899758509294,1,1
B014562,H015,2025-10-21,Corporate,Flexible,0.6318873652014557,1,1
B004979,H005,2025-05-11,OTA-Expedia,Semi-Flex,0.6310689880500598,1,1
B010208,H015,2025-05-17,OTA-Expedia,Flexible,0.6306312490857079,1,1
B005541,H007,2025-12-20,OTA-Booking,Semi-Flex,0.629874686716792,1,1
B006250,H007,2025-01-19,Corporate,Flexible,0.629874686716792,1,1
B011971,H010,2025-09-07,Corporate,Flexible,0.6289718163371634,1,1
B005051,H001,2025-06-12,OTA-Booking,Semi-Flex,0.6278994644381111,1,1
B005975,H002,2025-06-09,OTA-Booking,Semi-Flex,0.6220013313313195,1,1
B009527,H002,2025-12-18,OTA-Expedia,Flexible,0.6216950047426234,1,1
B011091,H005,2025-08-24,Corporate,Semi-Flex,0.6215148609779483,1,1
B012836,H015,2025-06-11,OTA-Booking,Semi-Flex,0.6119160885721332,1,1
B004380,H014,2025-06-14,Corporate,Semi-Flex,0.601324227967867,1,1
B014364,H013,2025-10-14,OTA-Booking,Flexible,0.5947592990614384,1,1
B014788,H011,2025-02-07,OTA-Expedia,Semi-Flex,0.5870658538216809,1,1
B003984,H002,2025-05-13,OTA-Booking,Semi-Flex,0.5846881848980658,1,1
B009371,H004,2025-06-04,OTA-Expedia,Flexible,0.5773887334483856,1,1
B010758,H002,2025-03-29,Corporate,Semi-Flex,0.5764183325519115,1,1
B002508,H013,2025-11-11,Direct,Semi-Flex,0.5725764046253765,1,1
B003111,H002,2025-08-01,Corporate,Flexible,0.5707252777143151,1,1
B003422,H009,2025-12-23,OTA-Expedia,Flexible,0.5669367283950617,1,1
B001986,H010,2025-04-19,Corporate,Semi-Flex,0.5669367283950617,1,1
B003734,H005,2025-04-22,OTA-Expedia,Flexible,0.5648148148148148,1,1
B000176,H008,2025-11-18,OTA-Expedia,Flexible,0.5645700395447621,1,1
B001163,H009,2025-07-19,OTA-Expedia,Semi-Flex,0.5642186492206545,1,1
B001909,H013,2025-11-28,Corporate,Semi-Flex,0.5638930271980626,1,1
B006949,H002,2025-01-01,OTA-Booking,Semi-Flex,0.5607638888888888,1,1
B011263,H002,2025-03-26,OTA-Expedia,Flexible,0.558481832637774,1,1
B009507,H007,2025-05-07,OTA-Expedia,Flexible,0.5571371714089407,1,1
B006366,H008,2025-06-27,OTA-Expedia,Flexible,0.5526869498184886,1,1
B014579,H008,2025-12-13,OTA-Expedia,Semi-Flex,0.5526121754551354,1,1
B013114,H002,2025-07-25,OTA-Expedia,Semi-Flex,0.5512522045855379,1,1
B009370,H014,2025-07-23,OTA-Expedia,Flexible,0.5512522045855379,1,1
B009542,H008,2025-02-05,OTA-Booking,Flexible,0.5512522045855379,1,1
B003485,H015,2025-11-09,OTA-Booking,Flexible,0.5512522045855379,1,1
B014714,H004,2025-03-24,Corporate,Semi-Flex,0.5512522045855379,1,1
B005852,H012,2025-03-04,Corporate,Semi-Flex,0.549909307085731,1,1
B006471,H014,2025-09-10,OTA-Booking,Semi-Flex,0.5462246861990898,1,1
B006718,H004,2025-02-27,Corporate,Flexible,0.545079365079365,1,1
B002160,H003,2025-07-30,OTA-Booking,Flexible,0.5441053742936633,1,1
B002153,H007,2025-01-15,OTA-Expedia,Flexible,0.5400562504365425,1,1
B001568,H003,2025-03-25,OTA-Expedia,Semi-Flex,0.5396583798410282,1,1
B011922,H002,2025-05-22,OTA-Booking,Semi-Flex,0.5376055196163588,1,1
B013598,H004,2025-11-23,OTA-Booking,Semi-Flex,0.5358201058201059,1,1
B009111,H007,2025-04-30,OTA-Expedia,Flexible,0.5358201058201059,1,1
B004050,H014,2025-06-30,OTA-Booking,Semi-Flex,0.5358201058201059,1,1
B000690,H015,2025-07-27,OTA-Booking,Semi-Flex,0.5358201058201059,1,1
B009463,H013,2025-04-07,Direct,Semi-Flex,0.5353250372414119,1,1
B014049,H007,2025-03-12,Corporate,Flexible,0.533968253968254,1,1
B012380,H013,2025-09-03,Direct,Semi-Flex,0.533968253968254,1,1
B001130,H013,2025-11-19,OTA-Booking,Flexible,0.5189084762604159,1,1
B012023,H007,2025-08-09,OTA-Booking,Semi-Flex,0.5187635756056809,1,1
B011514,H015,2025-12-25,OTA-Expedia,Semi-Flex,0.5142151675485008,1,1
B003194,H002,2025-01-28,OTA-Booking,Flexible,0.5142151675485008,1,1
B000141,H003,2025-05-15,OTA-Booking,Semi-Flex,0.5142151675485008,1,1
B002981,H004,2025-09-26,OTA-Expedia,Semi-Flex,0.5142151675485008,1,1
B010638,H002,2025-08-20,OTA-Booking,Flexible,0.5142151675485008,1,1
B002691,H015,2025-07-22,OTA-Expedia,Semi-Flex,0.5142151675485008,1,1
B008566,H008,2025-02-05,OTA-Booking,Flexible,0.5142151675485008,1,1
B012198,H001,2025-09-17,OTA-Booking,Semi-Flex,0.5142151675485008,1,1
B002007,H001,2025-11-23,OTA-Expedia,Semi-Flex,0.5142151675485008,1,1
B013817,H010,2025-04-30,OTA-Expedia,Semi-Flex,0.5142151675485008,1,1
B008245,H005,2025-03-25,OTA-Booking,Flexible,0.5117464099000727,1,1
B005570,H002,2025-11-06,OTA-Expedia,Flexible,0.5084895487331866,1,1
B004669,H002,2025-07-14,OTA-Expedia,Flexible,0.5068334819207816,1,1
B001687,H011,2025-10-28,Corporate,Semi-Flex,0.5029239766081871,1,1
B011937,H010,2025-03-15,OTA-Booking,Flexible,0.5009049823633157,1,1
B008462,H010,2025-05-21,Corporate,Flexible,0.5009049823633157,1,1
B002261,H001,2025-01-22,OTA-Expedia,Flexible,0.5009049823633157,1,1
B010942,H002,2025-12-09,OTA-Expedia,Flexible,0.5009049823633157,1,1
B008468,H003,2025-03-03,OTA-Booking,Semi-Flex,0.5009049823633157,1,1
B011149,H011,2025-06-08,OTA-Expedia,Flexible,0.5009049823633157,1,1
B012625,H015,2025-11-25,OTA-Expedia,Semi-Flex,0.5009049823633157,1,1
B006014,H003,2025-04-02,Direct,Flexible,0.5009049823633157,1,1
B006023,H010,2025-06-18,Corporate,Flexible,0.5009049823633157,1,1
B002324,H003,2025-05-26,OTA-Expedia,Flexible,0.5009049823633157,1,1
B012252,H015,2025-09-30,OTA-Booking,Flexible,0.5009049823633157,1,1
B007475,H004,2025-11-18,Corporate,Flexible,0.5009049823633157,1,1
B001025,H003,2025-11-07,OTA-Expedia,Flexible,0.5009049823633157,1,1
B004062,H002,2025-08-04,OTA-Booking,Flexible,0.5009049823633157,1,1
B005877,H001,2025-12-17,OTA-Booking,Flexible,0.5009049823633157,1,1
B000749,H015,2025-04-08,OTA-Booking,Flexible,0.5009049823633157,1,1
B013025,H015,2025-04-12,OTA-Booking,Flexible,0.5009049823633157,1,1
B002701,H001,2025-04-10,Corporate,Flexible,0.5009049823633157,1,1
B006558,H011,2025-12-19,OTA-Booking,Semi-Flex,0.5009049823633157,1,1
B013687,H010,2025-04-16,Corporate,Flexible,0.5009049823633157,1,1
B003903,H003,2025-11-30,OTA-Expedia,Flexible,0.5009049823633157,1,1
B006945,H003,2025-02-11,Direct,Flexible,0.5009049823633157,1,1
B014656,H011,2025-04-01,Direct,Flexible,0.5009049823633157,1,1
B005122,H001,2025-02-15,OTA-Expedia,Flexible,0.5009049823633157,1,1
B012877,H002,2025-01-07,OTA-Expedia,Flexible,0.5009049823633157,1,1
B005224,H010,2025-03-11,OTA-Booking,Flexible,0.5009049823633157,1,1
B006923,H001,2025-04-02,Corporate,Flexible,0.5009049823633157,1,1
B012838,H010,2025-03-11,OTA-Booking,Flexible,0.5009049823633157,1,1
B012333,H010,2025-06-18,OTA-Booking,Semi-Flex,0.5009049823633157,1,1
B014634,H003,2025-05-28,OTA-Booking,Semi-Flex,0.5009049823633157,1,1
B001216,H010,2025-05-25,OTA-Expedia,Flexible,0.5009049823633157,1,1
B007321,H003,2025-03-20,OTA-Expedia,Flexible,0.5009049823633157,1,1
B004191,H010,2025-08-29,OTA-Booking,Semi-Flex,0.5009049823633157,1,1
B005740,H015,2025-03-11,Direct,Flexible,0.5009049823633157,1,1
B008237,H002,2025-08-20,OTA-Booking,Flexible,0.5009049823633157,1,1
B001513,H011,2025-06-09,OTA-Booking,Flexible,0.5009049823633157,1,1
B008009,H003,2025-02-08,Corporate,Flexible,0.5009049823633157,1,1
B004502,H003,2025-07-20,OTA-Expedia,Flexible,0.5009049823633157,1,1
B005928,H003,2025-04-14,Corporate,Flexible,0.5009049823633157,1,1
B003340,H001,2025-10-22,OTA-Booking,Flexible,0.5009049823633157,1,1
B003883,H011,2025-12-13,Direct,Flexible,0.5009049823633157,1,1
B001886,H004,2025-03-11,OTA-Booking,Flexible,0.5009049823633157,1,1
B010073,H002,2025-11-25,OTA-Expedia,Flexible,0.5009049823633157,1,1
B011064,H002,2025-09-30,OTA-Booking,Flexible,0.5009049823633157,1,1
B014082,H001,2025-03-26,OTA-Booking,Flexible,0.5009049823633157,1,1
B003892,H001,2025-05-26,Corporate,Flexible,0.5009049823633157,1,1
B007875,H011,2025-05-20,Direct,Flexible,0.5009049823633157,1,1
B005582,H015,2025-01-21,OTA-Expedia,Flexible,0.5009049823633157,1,1
B004348,H003,2025-11-01,OTA-Booking,Flexible,0.5009049823633157,1,1
B014790,H011,2025-03-19,Direct,Flexible,0.5009049823633157,1,1
B000300,H010,2025-03-09,OTA-Expedia,Flexible,0.5009049823633157,1,1
B014747,H015,2025-03-11,OTA-Booking,Flexible,0.5009049823633157,1,1
B010730,H002,2025-05-28,OTA-Booking,Flexible,0.5009049823633157,1,1
B011344,H001,2025-08-18,Corporate,Semi-Flex,0.5009049823633157,1,1
B001431,H003,2025-08-28,Corporate,Flexible,0.5009049823633157,1,1
B002611,H001,2025-08-13,OTA-Booking,Flexible,0.5009049823633157,1,1
B009373,H010,2025-05-03,Corporate,Flexible,0.5009049823633157,1,1
B000345,H003,2025-07-15,Direct,Flexible,0.5009049823633157,1,1
B000212,H010,2025-05-09,OTA-Expedia,Flexible,0.5009049823633157,1,1
B002550,H001,2025-05-10,OTA-Booking,Flexible,0.5009049823633157,1,1
B001704,H004,2025-08-16,OTA-Expedia,Flexible,0.5009049823633157,1,1
B011693,H004,2025-03-01,OTA-Booking,Flexible,0.5009049823633157,1,1
B001870,H011,2025-03-29,OTA-Booking,Semi-Flex,0.5009049823633157,1,1
B010538,H015,2025-08-19,OTA-Expedia,Flexible,0.5009049823633157,1,1
B000916,H011,2025-01-09,OTA-Expedia,Flexible,0.5009049823633157,1,1
B010172,H008,2025-12-25,OTA-Expedia,Semi-Flex,0.4988099251223274,0,1
B005843,H007,2025-06-18,OTA-Expedia,Flexible,0.4987830687830688,0,1
B003471,H002,2025-11-05,OTA-Booking,Semi-Flex,0.4987830687830688,0,1
B010038,H002,2025-08-02,Corporate,Flexible,0.4987830687830688,0,1
B012703,H002,2025-01-14,OTA-Expedia,Semi-Flex,0.4987830687830688,0,1
B005870,H007,2025-04-09,OTA-Booking,Flexible,0.4987830687830688,0,1
B000906,H013,2025-06-20,OTA-Expedia,Flexible,0.4987830687830688,0,1
B002915,H005,2025-10-22,OTA-Booking,Flexible,0.4983645582460124,0,1
B005537,H007,2025-09-22,OTA-Expedia,Flexible,0.49736695429931427,0,1
B006680,H014,2025-11-13,OTA-Booking,Semi-Flex,0.4969861448805866,0,1
B003262,H008,2025-11-16,Corporate,Flexible,0.49693121693121695,0,1
B010746,H007,2025-12-12,OTA-Expedia,Semi-Flex,0.49693121693121695,0,1
B013991,H005,2025-10-20,OTA-Expedia,Semi-Flex,0.4965202692307336,0,1
B000538,H002,2025-01-05,OTA-Expedia,Flexible,0.4947321428571429,0,1
B013893,H004,2025-09-23,Corporate,Semi-Flex,0.4947321428571429,0,1
B009352,H004,2025-11-03,OTA-Booking,Semi-Flex,0.4947321428571429,0,1
B002190,H011,2025-07-12,Phone,Flexible,0.4947321428571429,0,1
B002285,H002,2025-06-13,OTA-Booking,Flexible,0.4947321428571429,0,1
B001557,H008,2025-09-12,OTA-Booking,Flexible,0.4947321428571429,0,1
B011032,H003,2025-02-16,OTA-Booking,Flexible,0.4947321428571429,0,1
B007899,H003,2025-02-05,OTA-Booking,Semi-Flex,0.4947321428571429,0,1
B007981,H004,2025-06-23,Corporate,Flexible,0.4947321428571429,0,1
B008183,H002,2025-09-10,OTA-Booking,Flexible,0.4947321428571429,0,1
B008655,H010,2025-12-04,OTA-Expedia,Flexible,0.4947321428571429,0,1
B001860,H004,2025-04-15,Direct,Flexible,0.4947321428571429,0,1
B013287,H015,2025-06-08,OTA-Expedia,Flexible,0.4947321428571429,0,1
B000294,H011,2025-09-20,Corporate,Semi-Flex,0.4947321428571429,0,1
B014785,H003,2025-05-11,OTA-Booking,Semi-Flex,0.4947321428571429,0,1
B002280,H004,2025-11-09,OTA-Booking,Flexible,0.4947321428571429,0,1
B008428,H003,2025-05-29,OTA-Expedia,Semi-Flex,0.4947321428571429,0,1
B013672,H004,2025-02-16,OTA-Booking,Flexible,0.4947321428571429,0,1
B014619,H004,2025-12-27,OTA-Booking,Semi-Flex,0.491586450334682,0,1
B001746,H004,2025-02-09,OTA-Booking,Flexible,0.4875715892250259,0,1
B008091,H008,2025-03-23,OTA-Booking,Semi-Flex,0.4863031976075454,0,1
B004573,H005,2025-06-13,OTA-Expedia,Semi-Flex,0.4863031976075454,0,1
B001504,H004,2025-03-12,Direct,Flexible,0.4854728835978836,0,1
B011282,H014,2025-02-10,OTA-Booking,Flexible,0.4854728835978836,0,1
B011786,H002,2025-09-10,Corporate,Flexible,0.4854728835978836,0,1
B005847,H013,2025-10-17,OTA-Booking,Flexible,0.4854728835978836,0,1
B003247,H001,2025-02-08,Direct,Semi-Flex,0.4854728835978836,0,1
B005659,H008,2025-03-17,Corporate,Flexible,0.4854728835978836,0,1
B004938,H004,2025-08-13,Direct,Flexible,0.4854728835978836,0,1
B001731,H008,2025-02-06,OTA-Booking,Flexible,0.4854728835978836,0,1
B004904,H001,2025-08-30,OTA-Booking,Semi-Flex,0.4854728835978836,0,1
B000244,H006,2025-11-08,OTA-Booking,Flexible,0.4854728835978836,0,1
B010881,H002,2025-01-11,OTA-Expedia,Flexible,0.4854728835978836,0,1
B000029,H015,2025-04-07,Corporate,Semi-Flex,0.4854728835978836,0,1
B008909,H007,2025-09-09,OTA-Expedia,Flexible,0.4854728835978836,0,1
B000167,H004,2025-06-15,OTA-Expedia,Flexible,0.4854728835978836,0,1
B006664,H015,2025-06-08,OTA-Expedia,Flexible,0.4854728835978836,0,1
B006269,H013,2025-02-24,OTA-Expedia,Flexible,0.4854728835978836,0,1
B003759,H014,2025-02-25,OTA-Booking,Flexible,0.4854728835978836,0,1
B012885,H002,2025-11-26,OTA-Expedia,Flexible,0.4854728835978836,0,1
B003757,H002,2025-02-08,Direct,Flexible,0.4854728835978836,0,1
B008882,H010,2025-06-12,OTA-Expedia,Semi-Flex,0.4854728835978836,0,1
B006974,H015,2025-06-21,OTA-Expedia,Semi-Flex,0.4854728835978836,0,1
B007628,H001,2025-08-16,OTA-Booking,Flexible,0.4854728835978836,0,1
B014186,H014,2025-03-27,OTA-Expedia,Flexible,0.4854728835978836,0,1
B014183,H012,2025-06-17,OTA-Expedia,Semi-Flex,0.4854728835978836,0,1
B012054,H008,2025-01-15,OTA-Expedia,Flexible,0.4854728835978836,0,1
B003930,H002,2025-10-09,OTA-Booking,Flexible,0.4854728835978836,0,1
B001171,H011,2025-09-11,OTA-Booking,Semi-Flex,0.4854728835978836,0,1
B004460,H012,2025-09-24,OTA-Expedia,Flexible,0.4854728835978836,0,1
B009843,H009,2025-03-13,OTA-Expedia,Flexible,0.4854728835978836,0,1
B001932,H008,2025-05-09,OTA-Booking,Flexible,0.4854728835978836,0,1
B005193,H008,2025-09-19,OTA-Expedia,Flexible,0.4854728835978836,0,1
B005490,H002,2025-01-08,Direct,Semi-Flex,0.4854728835978836,0,1
B011497,H002,2025-10-21,Direct,Semi-Flex,0.4854728835978836,0,1
B013809,H003,2025-10-16,OTA-Booking,Semi-Flex,0.4854728835978836,0,1
B003876,H003,2025-06-25,Phone,Semi-Flex,0.4854728835978836,0,1
B000794,H006,2025-02-12,Corporate,Flexible,0.4854728835978836,0,1
B007491,H006,2025-07-28,OTA-Booking,Semi-Flex,0.4854728835978836,0,1
B007431,H002,2025-08-02,OTA-Expedia,Flexible,0.4854728835978836,0,1
B004234,H001,2025-01-17,Direct,Semi-Flex,0.4854728835978836,0,1
B012220,H002,2025-10-21,Direct,Flexible,0.4854728835978836,0,1
B006123,H013,2025-12-12,OTA-Booking,Flexible,0.4854728835978836,0,1
B006201,H004,2025-05-04,OTA-Expedia,Flexible,0.4854728835978836,0,1
B004231,H004,2025-07-09,Direct,Semi-Flex,0.4854728835978836,0,1
B010429,H002,2025-08-23,OTA-Booking,Flexible,0.4854728835978836,0,1
B010091,H004,2025-05-05,Corporate,Flexible,0.4854728835978836,0,1
B011994,H004,2025-05-08,Corporate,Flexible,0.4854728835978836,0,1
B005057,H004,2025-08-03,Direct,Flexible,0.4854728835978836,0,1
B011670,H014,2025-09-06,OTA-Booking,Flexible,0.4854728835978836,0,1
B005039,H010,2025-06-03,OTA-Booking,Semi-Flex,0.4854728835978836,0,1
B005109,H014,2025-11-26,OTA-Expedia,Flexible,0.4854728835978836,0,1
B009643,H001,2025-03-21,OTA-Booking,Semi-Flex,0.4854728835978836,0,1
B009613,H004,2025-08-02,Corporate,Flexible,0.4854728835978836,0,1
B000500,H014,2025-04-01,OTA-Booking,Flexible,0.4854728835978836,0,1
B008189,H001,2025-07-15,Direct,Flexible,0.4854728835978836,0,1
B000467,H014,2025-02-25,OTA-Expedia,Flexible,0.4854728835978836,0,1
B003986,H008,2025-08-18,OTA-Expedia,Flexible,0.4854728835978836,0,1
B011120,H009,2025-04-26,OTA-Expedia,Flexible,0.4854728835978836,0,1
B013465,H006,2025-10-11,Corporate,Flexible,0.4854728835978836,0,1
B003359,H008,2025-09-21,OTA-Expedia,Flexible,0.4854728835978836,0,1
B004729,H002,2025-06-02,Corporate,Semi-Flex,0.4854728835978836,0,1
B004715,H002,2025-12-23,OTA-Expedia,Flexible,0.4854728835978836,0,1
B014875,H002,2025-08-21,OTA-Expedia,Flexible,0.4854728835978836,0,1
B008765,H002,2025-12-27,OTA-Booking,Flexible,0.4853740656790626,0,1
B010160,H014,2025-07-16,OTA-Booking,Flexible,0.48532197976931224,0,1
B011319,H002,2025-12-24,Direct,Semi-Flex,0.4852719957287283,0,1
B008740,H014,2025-02-20,OTA-Booking,Flexible,0.4852637100893848,0,1
B003201,H015,2025-07-30,OTA-Booking,Flexible,0.48500881834215165,0,1
B008102,H006,2025-10-11,OTA-Expedia,Flexible,0.484752014262605,0,1
B001081,H008,2025-05-06,OTA-Booking,Semi-Flex,0.4843072159945201,0,1
B011709,H013,2025-07-04,OTA-Expedia,Flexible,0.48419326493767484,0,1
B011910,H008,2025-06-18,OTA-Booking,Flexible,0.4837980294269646,0,1
B011077,H006,2025-10-25,OTA-Booking,Flexible,0.4836210317460317,0,1
B010385,H013,2025-07-04,Direct,Flexible,0.4836210317460317,0,1
B009929,H007,2025-02-17,OTA-Expedia,Flexible,0.4836210317460317,0,1
B006177,H012,2025-03-22,OTA-Expedia,Flexible,0.4836210317460317,0,1
B003290,H002,2025-10-23,Corporate,Flexible,0.4836210317460317,0,1
B014150,H007,2025-07-25,OTA-Expedia,Flexible,0.4836210317460317,0,1
B007904,H008,2025-06-04,Phone,Flexible,0.4836210317460317,0,1
B000722,H014,2025-07-15,Direct,Semi-Flex,0.4836210317460317,0,1
B005458,H014,2025-10-04,OTA-Expedia,Flexible,0.4836210317460317,0,1
B014723,H007,2025-05-07,OTA-Booking,Flexible,0.4836210317460317,0,1
B001060,H015,2025-05-15,Direct,Semi-Flex,0.4836210317460317,0,1
B000180,H014,2025-01-04,OTA-Expedia,Flexible,0.4836210317460317,0,1
B005353,H014,2025-07-05,OTA-Booking,Flexible,0.4836210317460317,0,1
B012454,H002,2025-10-04,OTA-Booking,Flexible,0.4836210317460317,0,1
B013855,H008,2025-01-17,Direct,Semi-Flex,0.4836210317460317,0,1
B003571,H005,2025-09-19,OTA-Expedia,Flexible,0.4836210317460317,0,1
B006877,H010,2025-09-25,OTA-Booking,Semi-Flex,0.4836210317460317,0,1
B012444,H014,2025-02-12,OTA-Booking,Semi-Flex,0.4836210317460317,0,1
B000578,H014,2025-09-13,OTA-Expedia,Semi-Flex,0.48172653856864384,0,1
B007834,H007,2025-07-26,OTA-Booking,Flexible,0.48172653856864384,0,1
B010203,H015,2025-12-21,Direct,Flexible,0.47786847853251785,0,1
B000982,H002,2025-05-11,Direct,Flexible,0.47556628366269904,0,1
B006919,H001,2025-07-31,Direct,Semi-Flex,0.47426680631661156,0,1
B011464,H003,2025-08-03,OTA-Booking,Flexible,0.4736266338092822,0,1
B013197,H001,2025-07-14,OTA-Expedia,Flexible,0.4736266338092822,0,1
B003722,H001,2025-12-23,Corporate,Flexible,0.4736266338092822,0,1
B004973,H003,2025-05-30,OTA-Expedia,Flexible,0.4736266338092822,0,1
B000171,H003,2025-12-23,Phone,Flexible,0.4736266338092822,0,1
B001805,H010,2025-03-14,OTA-Booking,Flexible,0.4736266338092822,0,1
B000147,H011,2025-12-02,OTA-Expedia,Flexible,0.4736266338092822,0,1
B003631,H011,2025-01-19,OTA-Expedia,Flexible,0.4736266338092822,0,1
B008249,H003,2025-11-14,Direct,Flexible,0.4736266338092822,0,1
B005342,H010,2025-06-20,OTA-Expedia,Semi-Flex,0.4736266338092822,0,1
B005538,H001,2025-04-15,OTA-Booking,Flexible,0.4736266338092822,0,1
B010992,H011,2025-05-07,OTA-Expedia,Flexible,0.4736266338092822,0,1
B005941,H003,2025-05-02,Direct,Flexible,0.4736266338092822,0,1
B004112,H011,2025-01-21,OTA-Expedia,Flexible,0.4736266338092822,0,1
B013152,H011,2025-04-18,Corporate,Flexible,0.4736266338092822,0,1
B010772,H011,2025-05-12,OTA-Expedia,Flexible,0.4736266338092822,0,1
B006226,H003,2025-06-20,Direct,Flexible,0.4736266338092822,0,1
B007065,H010,2025-10-03,OTA-Expedia,Flexible,0.4736266338092822,0,1
B011328,H011,2025-08-08,OTA-Expedia,Flexible,0.4736266338092822,0,1
B003416,H003,2025-04-23,OTA-Booking,Flexible,0.4736266338092822,0,1
B001129,H003,2025-12-01,OTA-Booking,Flexible,0.4736266338092822,0,1
B006219,H003,2025-10-27,OTA-Booking,Flexible,0.4736266338092822,0,1
B011425,H011,2025-10-14,OTA-Expedia,Semi-Flex,0.4736266338092822,0,1
B004209,H010,2025-10-31,OTA-Booking,Flexible,0.4736266338092822,0,1
B005441,H003,2025-09-02,Corporate,Flexible,0.4736266338092822,0,1
B010460,H011,2025-06-03,OTA-Booking,Flexible,0.4736266338092822,0,1
B007997,H003,2025-07-21,OTA-Expedia,Semi-Flex,0.4736266338092822,0,1
B007029,H003,2025-08-08,OTA-Booking,Flexible,0.4736266338092822,0,1
B010542,H003,2025-11-08,OTA-Booking,Flexible,0.4736266338092822,0,1
B006598,H010,2025-08-08,OTA-Booking,Flexible,0.4736266338092822,0,1
B009685,H006,2025-11-24,OTA-Expedia,Flexible,0.4736266338092822,0,1
B009649,H007,2025-02-07,OTA-Expedia,Semi-Flex,0.47299301242236025,0,1
B011790,H012,2025-09-10,Corporate,Semi-Flex,0.47299301242236025,0,1
B008794,H005,2025-02-25,OTA-Expedia,Flexible,0.47299301242236025,0,1
B000974,H013,2025-08-28,OTA-Expedia,Flexible,0.47299301242236025,0,1
B001852,H008,2025-04-20,OTA-Expedia,Flexible,0.47299301242236025,0,1
B000745,H002,2025-02-26,OTA-Expedia,Semi-Flex,0.47299301242236025,0,1
B007708,H002,2025-09-07,Direct,Flexible,0.47299301242236025,0,1
B001105,H013,2025-05-20,OTA-Expedia,Semi-Flex,0.47299301242236025,0,1
B010716,H008,2025-09-06,OTA-Booking,Flexible,0.47299301242236025,0,1
B003831,H008,2025-11-16,OTA-Booking,Flexible,0.47299301242236025,0,1
B012172,H008,2025-02-11,Direct,Flexible,0.47299301242236025,0,1
B013929,H006,2025-08-02,OTA-Booking,Semi-Flex,0.47299301242236025,0,1
B001240,H012,2025-06-24,OTA-Expedia,Semi-Flex,0.47299301242236025,0,1
B011193,H014,2025-03-26,Phone,Flexible,0.47299301242236025,0,1
B005848,H014,2025-01-17,OTA-Booking,Semi-Flex,0.47299301242236025,0,1
B005984,H005,2025-08-27,OTA-Booking,Flexible,0.47299301242236025,0,1
B010211,H014,2025-07-17,OTA-Booking,Semi-Flex,0.47299301242236025,0,1
B005833,H008,2025-07-27,OTA-Booking,Flexible,0.47299301242236025,0,1
B012088,H001,2025-11-13,Direct,Semi-Flex,0.47299301242236025,0,1
B003265,H009,2025-07-21,Direct,Semi-Flex,0.47299301242236025,0,1
B007842,H013,2025-04-28,Corporate,Flexible,0.47299301242236025,0,1
B014000,H013,2025-06-23,Direct,Flexible,0.47299301242236025,0,1
B007413,H014,2025-08-05,OTA-Expedia,Semi-Flex,0.47299301242236025,0,1
B002791,H013,2025-12-20,Direct,Flexible,0.47299301242236025,0,1
B010585,H008,2025-06-14,Corporate,Flexible,0.47299301242236025,0,1
B006255,H008,2025-05-01,Corporate,Flexible,0.47299301242236025,0,1
B002962,H005,2025-11-04,OTA-Booking,Flexible,0.47299301242236025,0,1
B005328,H015,2025-07-04,OTA-Booking,Flexible,0.47169863315696653,0,1
B008956,H015,2025-10-10,OTA-Booking,Flexible,0.47169863315696653,0,1
B012497,H002,2025-08-01,OTA-Booking,Flexible,0.47169863315696653,0,1
B014266,H010,2025-01-13,OTA-Booking,Flexible,0.4706214089439075,0,1
B003327,H015,2025-02-05,OTA-Booking,Semi-Flex,0.46957671957671954,0,1
B014801,H007,2025-04-07,OTA-Booking,Flexible,0.46841635338345866,0,1
B012653,H008,2025-11-09,OTA-Booking,Flexible,0.46841635338345866,0,1
B007909,H014,2025-09-06,OTA-Booking,Flexible,0.46841635338345866,0,1
B013054,H013,2025-09-17,Direct,Flexible,0.46841635338345866,0,1
B002510,H002,2025-09-13,Corporate,Flexible,0.46841635338345866,0,1
B011993,H002,2025-11-13,Direct,Semi-Flex,0.46841635338345866,0,1
B001841,H007,2025-05-06,OTA-Booking,Flexible,0.46841635338345866,0,1
B011739,H007,2025-12-20,OTA-Expedia,Flexible,0.46841635338345866,0,1
B012414,H008,2025-01-18,OTA-Booking,Flexible,0.46841635338345866,0,1
B000787,H014,2025-03-29,Corporate,Flexible,0.46841635338345866,0,1
B007770,H004,2025-10-11,Direct,Semi-Flex,0.46841635338345866,0,1
B006221,H002,2025-02-27,Phone,Semi-Flex,0.46841635338345866,0,1
B007072,H008,2025-02-27,OTA-Expedia,Flexible,0.46841635338345866,0,1
B013597,H005,2025-12-05,OTA-Booking,Semi-Flex,0.46841635338345866,0,1
B006192,H002,2025-05-04,Direct,Flexible,0.4676189940951108,0,1
B001039,H011,2025-07-01,Direct,Flexible,0.4674537943031094,0,1
B006783,H009,2025-05-30,OTA-Booking,Flexible,0.4674537943031094,0,1
B006855,H010,2025-09-29,Corporate,Flexible,0.4674537943031094,0,1
B001554,H003,2025-12-29,OTA-Booking,Flexible,0.4674537943031094,0,1
B013090,H004,2025-08-05,Direct,Flexible,0.4674537943031094,0,1
B002826,H011,2025-10-07,Direct,Flexible,0.4674537943031094,0,1
B008732,H011,2025-11-23,Direct,Flexible,0.4674537943031094,0,1
B012998,H004,2025-06-06,Corporate,Flexible,0.4674537943031094,0,1
B014404,H006,2025-12-29,OTA-Expedia,Flexible,0.4674537943031094,0,1
B004023,H011,2025-04-04,Direct,Flexible,0.4674537943031094,0,1
B002951,H001,2025-02-12,OTA-Expedia,Flexible,0.4674537943031094,0,1
B000330,H003,2025-03-05,OTA-Booking,Flexible,0.4674537943031094,0,1
B005129,H011,2025-10-06,OTA-Expedia,Flexible,0.4674537943031094,0,1
B012761,H011,2025-01-20,Phone,Flexible,0.4674537943031094,0,1
B005804,H011,2025-10-18,OTA-Expedia,Flexible,0.4674537943031094,0,1
B005797,H003,2025-02-17,OTA-Booking,Flexible,0.4674537943031094,0,1
B014678,H002,2025-05-30,OTA-Booking,Flexible,0.4674537943031094,0,1
B011743,H015,2025-08-06,OTA-Booking,Flexible,0.46552579365079366,0,1
B008185,H015,2025-06-25,Direct,Flexible,0.46552579365079366,0,1
B009331,H015,2025-07-04,Direct,Flexible,0.46552579365079366,0,1
B002603,H007,2025-10-03,Direct,Semi-Flex,0.4653203781512605,0,1
B010869,H007,2025-05-20,Corporate,Flexible,0.4653203781512605,0,1
B001730,H005,2025-12-10,Direct,Flexible,0.4653203781512605,0,1
B010312,H014,2025-10-04,OTA-Expedia,Semi-Flex,0.4653203781512605,0,1
B004455,H007,2025-06-27,Corporate,Semi-Flex,0.4653203781512605,0,1
B003145,H005,2025-04-26,OTA-Expedia,Flexible,0.4653203781512605,0,1
B006218,H008,2025-03-12,Direct,Semi-Flex,0.4653203781512605,0,1
B003221,H012,2025-03-16,OTA-Expedia,Semi-Flex,0.4653203781512605,0,1
B011701,H005,2025-04-09,Corporate,Flexible,0.4653203781512605,0,1
B011645,H007,2025-04-04,OTA-Booking,Semi-Flex,0.4653203781512605,0,1
B005326,H002,2025-07-10,Corporate,Semi-Flex,0.4653203781512605,0,1
B001579,H014,2025-02-26,Direct,Semi-Flex,0.4653203781512605,0,1
B012540,H014,2025-12-13,OTA-Booking,Semi-Flex,0.4653203781512605,0,1
B012372,H006,2025-02-09,Corporate,Semi-Flex,0.4653203781512605,0,1
B004644,H008,2025-06-19,OTA-Booking,Flexible,0.4653203781512605,0,1
B001833,H007,2025-07-12,Direct,Flexible,0.4653203781512605,0,1
B014673,H006,2025-01-04,Direct,Semi-Flex,0.4653203781512605,0,1
B004539,H005,2025-10-27,OTA-Booking,Semi-Flex,0.4653203781512605,0,1
B008638,H008,2025-07-26,OTA-Expedia,Semi-Flex,0.4653203781512605,0,1
B006522,H014,2025-07-19,OTA-Booking,Semi-Flex,0.4653203781512605,0,1
B002168,H009,2025-03-07,OTA-Expedia,Flexible,0.46324080907862925,0,1
B008605,H002,2025-08-12,OTA-Booking,Flexible,0.46234571503302085,0,1
B000966,H005,2025-07-09,OTA-Expedia,Semi-Flex,0.4600565276446149,0,1
B011933,H008,2025-11-06,Direct,Flexible,0.4600565276446149,0,1
B009629,H005,2025-08-17,OTA-Booking,Semi-Flex,0.4600565276446149,0,1
B014627,H008,2025-08-24,OTA-Booking,Semi-Flex,0.4600565276446149,0,1
B011620,H007,2025-10-20,Direct,Semi-Flex,0.4600565276446149,0,1
B012928,H008,2025-06-14,Direct,Semi-Flex,0.4600565276446149,0,1
B005143,H013,2025-02-01,Direct,Semi-Flex,0.4600565276446149,0,1
B004305,H008,2025-03-16,OTA-Booking,Flexible,0.4600565276446149,0,1
B005615,H005,2025-11-18,Phone,Flexible,0.4600565276446149,0,1
B002225,H013,2025-02-16,Direct,Semi-Flex,0.4600565276446149,0,1
B012614,H005,2025-03-18,OTA-Expedia,Flexible,0.4600565276446149,0,1
B002737,H005,2025-03-05,OTA-Booking,Semi-Flex,0.4600565276446149,0,1
B002631,H013,2025-06-28,OTA-Booking,Semi-Flex,0.4600565276446149,0,1
B001639,H007,2025-03-01,OTA-Expedia,Semi-Flex,0.4600565276446149,0,1
B010375,H013,2025-03-09,OTA-Booking,Semi-Flex,0.4600565276446149,0,1
B010471,H007,2025-10-01,Corporate,Flexible,0.4600565276446149,0,1
B003867,H008,2025-11-09,Direct,Semi-Flex,0.4600565276446149,0,1
B011899,H005,2025-04-13,OTA-Booking,Semi-Flex,0.4600565276446149,0,1
B002745,H007,2025-11-16,OTA-Expedia,Semi-Flex,0.4600565276446149,0,1
B013094,H005,2025-06-01,OTA-Expedia,Flexible,0.4600565276446149,0,1
B011167,H005,2025-12-07,OTA-Booking,Flexible,0.4600565276446149,0,1
B013482,H005,2025-11-16,OTA-Expedia,Semi-Flex,0.4600565276446149,0,1
B010215,H008,2025-03-20,Phone,Semi-Flex,0.4600565276446149,0,1
B001998,H007,2025-06-07,OTA-Expedia,Semi-Flex,0.4600565276446149,0,1
B006365,H007,2025-06-19,OTA-Booking,Flexible,0.4600565276446149,0,1
B009488,H007,2025-06-22,OTA-Booking,Semi-Flex,0.4600565276446149,0,1
B000658,H005,2025-11-08,OTA-Booking,Semi-Flex,0.4600565276446149,0,1
B002002,H005,2025-11-13,OTA-Booking,Flexible,0.4600565276446149,0,1
B003875,H002,2025-05-05,OTA-Booking,Flexible,0.45877386216873717,0,1
B004648,H003,2025-01-26,OTA-Booking,Flexible,0.4581945350438501,0,1
B001972,H006,2025-08-15,OTA-Booking,Flexible,0.4581945350438501,0,1
B003216,H003,2025-08-11,OTA-Booking,Flexible,0.4581945350438501,0,1
B007862,H011,2025-08-18,OTA-Expedia,Flexible,0.4581945350438501,0,1
B011279,H011,2025-03-18,OTA-Expedia,Flexible,0.4581945350438501,0,1
B007944,H011,2025-08-27,OTA-Booking,Semi-Flex,0.4581945350438501,0,1
B005536,H010,2025-10-31,OTA-Expedia,Flexible,0.4581945350438501,0,1
B007994,H003,2025-09-09,OTA-Expedia,Semi-Flex,0.4581945350438501,0,1
B004515,H014,2025-04-25,Corporate,Flexible,0.4581945350438501,0,1
B005244,H010,2025-08-18,OTA-Booking,Semi-Flex,0.4581945350438501,0,1
B004513,H009,2025-07-04,OTA-Booking,Flexible,0.4581945350438501,0,1
B005123,H001,2025-02-18,OTA-Expedia,Flexible,0.4581945350438501,0,1
B005011,H011,2025-06-29,Phone,Flexible,0.4581945350438501,0,1
B010863,H011,2025-10-11,OTA-Booking,Flexible,0.4581945350438501,0,1
B006496,H011,2025-12-16,OTA-Booking,Flexible,0.4581945350438501,0,1
B008184,H010,2025-10-11,Phone,Flexible,0.4581945350438501,0,1
B000334,H011,2025-05-17,Phone,Flexible,0.4581945350438501,0,1
B002498,H011,2025-07-09,Direct,Flexible,0.4581945350438501,0,1
B014876,H006,2025-07-28,OTA-Booking,Flexible,0.4581945350438501,0,1
B014286,H009,2025-06-27,Corporate,Flexible,0.4581945350438501,0,1
B000954,H003,2025-09-14,OTA-Booking,Flexible,0.4581945350438501,0,1
B007634,H003,2025-11-06,Phone,Flexible,0.4581945350438501,0,1
B004222,H015,2025-01-06,OTA-Booking,Flexible,0.4581945350438501,0,1
B010902,H009,2025-10-29,OTA-Booking,Flexible,0.4581945350438501,0,1
B007671,H003,2025-02-24,OTA-Expedia,Semi-Flex,0.4581945350438501,0,1
B010072,H010,2025-03-29,OTA-Booking,Flexible,0.4581945350438501,0,1
B006361,H010,2025-06-03,OTA-Booking,Flexible,0.4581945350438501,0,1
B013528,H010,2025-03-29,OTA-Booking,Flexible,0.4581945350438501,0,1
B003468,H003,2025-06-05,Direct,Flexible,0.4581945350438501,0,1
B012421,H009,2025-02-19,Direct,Flexible,0.4581945350438501,0,1
B005647,H004,2025-02-17,OTA-Expedia,Flexible,0.4581945350438501,0,1
B005688,H011,2025-10-11,Phone,Flexible,0.4581945350438501,0,1
B012686,H010,2025-02-20,OTA-Expedia,Flexible,0.4581945350438501,0,1
B008622,H006,2025-02-18,OTA-Expedia,Flexible,0.4581945350438501,0,1
B001187,H003,2025-02-07,OTA-Expedia,Flexible,0.4581945350438501,0,1
B006017,H001,2025-10-27,OTA-Expedia,Flexible,0.4581945350438501,0,1
B010153,H011,2025-08-26,Corporate,Flexible,0.4581945350438501,0,1
B000829,H011,2025-06-07,Corporate,Flexible,0.4581945350438501,0,1
B014044,H006,2025-10-05,OTA-Booking,Flexible,0.4581945350438501,0,1
B002345,H003,2025-06-12,Direct,Flexible,0.4581945350438501,0,1
B012218,H003,2025-02-08,Direct,Flexible,0.4581945350438501,0,1
B010056,H001,2025-01-14,OTA-Expedia,Flexible,0.4581945350438501,0,1
B007594,H003,2025-06-09,OTA-Booking,Semi-Flex,0.4581945350438501,0,1
B006838,H010,2025-08-14,OTA-Booking,Flexible,0.4581945350438501,0,1
B002026,H003,2025-06-23,Direct,Flexible,0.4581945350438501,0,1
B007064,H010,2025-07-07,OTA-Booking,Flexible,0.4581945350438501,0,1
B007136,H010,2025-11-05,Phone,Flexible,0.4581945350438501,0,1
B011014,H003,2025-09-17,Corporate,Flexible,0.4581945350438501,0,1
B006035,H002,2025-07-11,OTA-Booking,Flexible,0.4581945350438501,0,1
B014981,H003,2025-03-04,Corporate,Semi-Flex,0.4581945350438501,0,1
B008763,H008,2025-04-04,OTA-Booking,Flexible,0.4581945350438501,0,1
B014313,H001,2025-02-10,OTA-Booking,Flexible,0.4581945350438501,0,1
B010613,H011,2025-03-22,Direct,Flexible,0.4581945350438501,0,1
B002031,H010,2025-02-12,OTA-Expedia,Flexible,0.4581945350438501,0,1
B009486,H003,2025-01-12,Direct,Flexible,0.4581945350438501,0,1
B004638,H001,2025-07-18,OTA-Booking,Semi-Flex,0.4581945350438501,0,1
B014791,H004,2025-01-01,OTA-Booking,Semi-Flex,0.4581945350438501,0,1
B002734,H001,2025-12-02,OTA-Expedia,Flexible,0.4581945350438501,0,1
B013109,H006,2025-09-20,OTA-Expedia,Flexible,0.4581945350438501,0,1
B009223,H001,2025-08-13,Direct,Flexible,0.4581945350438501,0,1
B009199,H001,2025-09-10,Phone,Semi-Flex,0.4581945350438501,0,1
B002577,H010,2025-02-25,OTA-Expedia,Flexible,0.4581945350438501,0,1
B009157,H003,2025-10-29,OTA-Booking,Semi-Flex,0.4581945350438501,0,1
B003260,H010,2025-01-01,OTA-Booking,Flexible,0.4581727877638026,0,1
B013176,H011,2025-10-02,Phone,Flexible,0.4580883253420937,0,1
B005323,H004,2025-04-26,OTA-Booking,Flexible,0.45796500635610515,0,1
B012986,H006,2025-09-27,OTA-Booking,Flexible,0.4579569968238955,0,1
B006965,H004,2025-11-18,Corporate,Semi-Flex,0.4578775156571611,0,1
B010811,H010,2025-01-20,OTA-Booking,Flexible,0.4576684189669362,0,1
B008768,H004,2025-11-10,OTA-Expedia,Flexible,0.4576670757191071,0,1
B002418,H010,2025-05-03,OTA-Expedia,Flexible,0.4576479007407818,0,1
B010785,H010,2025-11-02,OTA-Booking,Flexible,0.45753556140244656,0,1
B014805,H009,2025-12-22,OTA-Expedia,Flexible,0.457441094226451,0,1
B011107,H011,2025-12-09,OTA-Booking,Flexible,0.45742210101537667,0,1
B009283,H010,2025-07-27,Direct,Flexible,0.4573849149166019,0,1
B012842,H006,2025-12-23,OTA-Booking,Flexible,0.4573091204634132,0,1
B005361,H007,2025-12-27,Phone,Flexible,0.4569821320897878,0,1
B007525,H003,2025-12-14,OTA-Booking,Flexible,0.45659707569628444,0,1
B004137,H003,2025-05-15,OTA-Expedia,Flexible,0.45655896438501936,0,1
B011917,H004,2025-01-21,OTA-Expedia,Flexible,0.4564853173305968,0,1
B013279,H010,2025-10-02,OTA-Expedia,Flexible,0.4563426831919983,0,1
B005974,H004,2025-05-01,OTA-Booking,Semi-Flex,0.4563426831919983,0,1
B010350,H014,2025-07-15,OTA-Booking,Flexible,0.4563426831919983,0,1
B008667,H014,2025-02-17,OTA-Expedia,Flexible,0.4563426831919983,0,1
B007508,H010,2025-02-15,Corporate,Flexible,0.4563426831919983,0,1
B007532,H004,2025-05-23,Direct,Semi-Flex,0.4563426831919983,0,1
B000312,H004,2025-09-01,Corporate,Flexible,0.4563426831919983,0,1
B009342,H004,2025-07-15,OTA-Booking,Flexible,0.4563426831919983,0,1
B006241,H001,2025-02-17,Phone,Flexible,0.4563426831919983,0,1
B002065,H009,2025-03-18,OTA-Booking,Flexible,0.4563426831919983,0,1
B003983,H004,2025-02-01,OTA-Booking,Flexible,0.4563426831919983,0,1
B007212,H004,2025-05-18,OTA-Expedia,Flexible,0.4563426831919983,0,1
B001217,H002,2025-04-07,Corporate,Flexible,0.4563426831919983,0,1
B006772,H003,2025-12-21,Direct,Flexible,0.4563426831919983,0,1
B012726,H003,2025-01-09,OTA-Expedia,Flexible,0.4563426831919983,0,1
B013962,H004,2025-02-12,OTA-Booking,Flexible,0.4563426831919983,0,1
B006571,H004,2025-07-09,OTA-Expedia,Semi-Flex,0.4563426831919983,0,1
B007163,H012,2025-10-17,OTA-Expedia,Flexible,0.4563426831919983,0,1
B001167,H001,2025-03-11,Corporate,Semi-Flex,0.4563426831919983,0,1
B006631,H003,2025-03-20,Corporate,Flexible,0.4563426831919983,0,1
B001048,H009,2025-07-02,OTA-Booking,Flexible,0.4563426831919983,0,1
B012410,H004,2025-04-15,Phone,Semi-Flex,0.4563426831919983,0,1
B013410,H003,2025-04-29,OTA-Booking,Flexible,0.4563426831919983,0,1
B014918,H011,2025-08-23,OTA-Expedia,Semi-Flex,0.4563426831919983,0,1
B009288,H006,2025-10-07,OTA-Expedia,Flexible,0.4563426831919983,0,1
B012778,H009,2025-12-02,OTA-Expedia,Semi-Flex,0.4563426831919983,0,1
B004115,H006,2025-07-01,Direct,Flexible,0.4563426831919983,0,1
B003820,H010,2025-01-20,OTA-Booking,Semi-Flex,0.4563426831919983,0,1
B012945,H014,2025-08-15,Direct,Flexible,0.4563426831919983,0,1
B009920,H015,2025-11-09,OTA-Expedia,Flexible,0.4563426831919983,0,1
B009952,H001,2025-05-21,Phone,Flexible,0.4563426831919983,0,1
B003292,H011,2025-07-06,OTA-Expedia,Semi-Flex,0.4563426831919983,0,1
B013679,H002,2025-10-05,OTA-Booking,Flexible,0.4563426831919983,0,1
B004574,H003,2025-05-21,Direct,Flexible,0.4563426831919983,0,1
B006920,H011,2025-11-03,Phone,Semi-Flex,0.4563426831919983,0,1
B000262,H009,2025-06-06,OTA-Expedia,Flexible,0.4563426831919983,0,1
B002511,H006,2025-08-12,OTA-Expedia,Semi-Flex,0.4563426831919983,0,1
B011912,H003,2025-02-03,OTA-Booking,Semi-Flex,0.4563426831919983,0,1
B008526,H003,2025-10-30,Direct,Flexible,0.4563426831919983,0,1
B009562,H001,2025-12-20,Direct,Flexible,0.4563426831919983,0,1
B007626,H004,2025-09-15,OTA-Booking,Flexible,0.4563426831919983,0,1
B011661,H002,2025-02-20,OTA-Booking,Flexible,0.4563426831919983,0,1
B013461,H010,2025-02-20,OTA-Booking,Flexible,0.4563426831919983,0,1
B004245,H003,2025-02-19,Direct,Flexible,0.4563426831919983,0,1
B006283,H013,2025-01-17,OTA-Expedia,Flexible,0.4563426831919983,0,1
B014996,H011,2025-11-02,Phone,Flexible,0.4563426831919983,0,1
B011829,H006,2025-04-12,OTA-Booking,Flexible,0.4563426831919983,0,1
B014838,H004,2025-04-14,Direct,Flexible,0.4563426831919983,0,1
B004788,H003,2025-06-04,Direct,Semi-Flex,0.4563426831919983,0,1
B000022,H012,2025-01-10,Corporate,Flexible,0.4563426831919983,0,1
B013666,H015,2025-06-15,OTA-Booking,Semi-Flex,0.4562665343915344,0,1
B006424,H015,2025-03-12,Direct,Semi-Flex,0.4562665343915344,0,1
B006466,H015,2025-09-20,OTA-Booking,Flexible,0.4562665343915344,0,1
B001231,H015,2025-07-31,OTA-Booking,Flexible,0.4562665343915344,0,1
B007289,H002,2025-01-15,OTA-Booking,Flexible,0.4562665343915344,0,1
B011099,H015,2025-07-20,OTA-Expedia,Flexible,0.4562665343915344,0,1
B011372,H015,2025-07-02,OTA-Booking,Semi-Flex,0.4562665343915344,0,1
B009140,H015,2025-11-22,Direct,Flexible,0.45562953362165287,0,1
B005474,H015,2025-11-12,Phone,Flexible,0.4555601223110986,0,1
B012201,H015,2025-12-01,Direct,Semi-Flex,0.4544146825396826,0,1
B013604,H014,2025-12-05,Direct,Flexible,0.4544146825396826,0,1
B011072,H015,2025-01-25,OTA-Booking,Semi-Flex,0.4544146825396826,0,1
B003815,H015,2025-12-04,Corporate,Flexible,0.4544146825396826,0,1
B007328,H014,2025-08-28,OTA-Booking,Flexible,0.4544146825396826,0,1
B005578,H015,2025-04-16,Corporate,Semi-Flex,0.4544146825396826,0,1
B013996,H001,2025-10-16,Corporate,Flexible,0.451533003763357,0,1
B001720,H007,2025-05-05,OTA-Expedia,Flexible,0.44571466386832675,0,1
B014773,H012,2025-02-17,OTA-Expedia,Flexible,0.44571466386832675,0,1
B009453,H001,2025-03-31,Phone,Semi-Flex,0.44571466386832675,0,1
B000270,H003,2025-12-14,Direct,Flexible,0.44571466386832675,0,1
B000603,H009,2025-04-22,OTA-Booking,Flexible,0.44571466386832675,0,1
B007849,H003,2025-03-06,Direct,Flexible,0.44571466386832675,0,1
B008096,H003,2025-10-07,Direct,Flexible,0.44571466386832675,0,1
B012749,H010,2025-02-02,Direct,Flexible,0.44571466386832675,0,1
B000782,H010,2025-12-14,Direct,Flexible,0.44571466386832675,0,1
B012647,H002,2025-07-30,Phone,Flexible,0.44571466386832675,0,1
B012500,H009,2025-03-10,OTA-Booking,Semi-Flex,0.44571466386832675,0,1
B004249,H003,2025-04-29,Corporate,Semi-Flex,0.44571466386832675,0,1
B010045,H006,2025-04-19,OTA-Booking,Flexible,0.44571466386832675,0,1
B009860,H003,2025-03-13,OTA-Booking,Semi-Flex,0.44571466386832675,0,1
B003114,H003,2025-01-01,Phone,Flexible,0.44571466386832675,0,1
B013836,H006,2025-05-24,OTA-Booking,Flexible,0.44571466386832675,0,1
B003094,H001,2025-11-08,OTA-Booking,Semi-Flex,0.44571466386832675,0,1
B001594,H009,2025-08-24,OTA-Booking,Flexible,0.44571466386832675,0,1
B009717,H002,2025-02-04,OTA-Booking,Flexible,0.44571466386832675,0,1
B013246,H010,2025-01-26,Direct,Flexible,0.44571466386832675,0,1
B008180,H002,2025-11-01,OTA-Booking,Flexible,0.44571466386832675,0,1
B014253,H009,2025-12-09,OTA-Expedia,Flexible,0.44571466386832675,0,1
B014687,H003,2025-02-18,OTA-Booking,Flexible,0.44571466386832675,0,1
B002637,H006,2025-03-30,OTA-Expedia,Flexible,0.44571466386832675,0,1
B006542,H010,2025-03-28,OTA-Booking,Semi-Flex,0.44571466386832675,0,1
B014377,H010,2025-02-27,Phone,Flexible,0.44571466386832675,0,1
B012022,H010,2025-04-29,OTA-Booking,Flexible,0.44571466386832675,0,1
B011711,H005,2025-02-03,OTA-Booking,Flexible,0.44571466386832675,0,1
B008697,H004,2025-09-25,Corporate,Flexible,0.44571466386832675,0,1
B011672,H009,2025-05-06,OTA-Booking,Flexible,0.44571466386832675,0,1
B009138,H001,2025-01-12,Direct,Semi-Flex,0.44571466386832675,0,1
B013394,H009,2025-08-18,OTA-Expedia,Semi-Flex,0.44571466386832675,0,1
B001411,H003,2025-03-04,Direct,Flexible,0.44571466386832675,0,1
B008386,H012,2025-01-18,OTA-Expedia,Flexible,0.44571466386832675,0,1
B007499,H011,2025-03-14,OTA-Expedia,Flexible,0.44336248034816955,0,1
B002379,H002,2025-08-16,Direct,Flexible,0.44113800482942517,0,1
B005609,H003,2025-08-28,OTA-Expedia,Semi-Flex,0.44113800482942517,0,1
B011888,H004,2025-08-02,OTA-Booking,Semi-Flex,0.44113800482942517,0,1
B004271,H001,2025-04-26,Corporate,Flexible,0.44113800482942517,0,1
B003549,H012,2025-02-25,OTA-Booking,Flexible,0.44113800482942517,0,1
B001906,H008,2025-11-07,OTA-Expedia,Flexible,0.44113800482942517,0,1
B008081,H002,2025-01-08,OTA-Booking,Semi-Flex,0.44113800482942517,0,1
B008250,H010,2025-12-04,Direct,Flexible,0.44113800482942517,0,1
B011778,H001,2025-02-15,OTA-Booking,Semi-Flex,0.44113800482942517,0,1
B007405,H010,2025-01-23,Corporate,Flexible,0.44113800482942517,0,1
B011142,H006,2025-11-11,Corporate,Flexible,0.44113800482942517,0,1
B009379,H008,2025-10-24,OTA-Booking,Semi-Flex,0.44113800482942517,0,1
B000382,H010,2025-05-29,Phone,Flexible,0.44113800482942517,0,1
B014927,H001,2025-02-03,Direct,Semi-Flex,0.44113800482942517,0,1
B013022,H015,2025-03-18,Corporate,Semi-Flex,0.44113800482942517,0,1
B010724,H013,2025-03-10,Direct,Flexible,0.44113800482942517,0,1
B003694,H008,2025-01-07,OTA-Expedia,Flexible,0.44113800482942517,0,1
B014748,H002,2025-01-29,OTA-Booking,Semi-Flex,0.44113800482942517,0,1
B008628,H011,2025-10-12,Corporate,Semi-Flex,0.44113800482942517,0,1
B002863,H004,2025-07-16,Corporate,Semi-Flex,0.44113800482942517,0,1
B013366,H009,2025-04-08,OTA-Booking,Flexible,0.44113800482942517,0,1
B000254,H003,2025-04-06,OTA-Expedia,Flexible,0.44113800482942517,0,1
B005254,H014,2025-05-02,OTA-Expedia,Semi-Flex,0.44113800482942517,0,1
B010240,H002,2025-02-26,OTA-Booking,Semi-Flex,0.44113800482942517,0,1
B010884,H001,2025-10-04,Direct,Flexible,0.44113800482942517,0,1
B002836,H010,2025-07-02,OTA-Booking,Flexible,0.43824744509676017,0,1
B001775,H011,2025-01-08,OTA-Booking,Flexible,0.43824744509676017,0,1
B009652,H009,2025-08-27,OTA-Expedia,Semi-Flex,0.438042029597227,0,1
B010364,H004,2025-02-06,OTA-Expedia,Semi-Flex,0.438042029597227,0,1
B012727,H013,2025-01-17,OTA-Expedia,Flexible,0.438042029597227,0,1
B010451,H005,2025-09-16,OTA-Booking,Flexible,0.438042029597227,0,1
B010815,H004,2025-06-02,OTA-Expedia,Semi-Flex,0.438042029597227,0,1
B001230,H002,2025-12-22,OTA-Expedia,Semi-Flex,0.438042029597227,0,1
B006046,H010,2025-08-30,Corporate,Flexible,0.438042029597227,0,1
B003507,H003,2025-12-27,Phone,Flexible,0.438042029597227,0,1
B014287,H002,2025-04-15,Corporate,Flexible,0.438042029597227,0,1
B011923,H004,2025-10-16,Direct,Semi-Flex,0.438042029597227,0,1
B009044,H012,2025-10-19,OTA-Expedia,Flexible,0.438042029597227,0,1
B014796,H012,2025-12-28,OTA-Expedia,Flexible,0.438042029597227,0,1
B000852,H014,2025-03-21,Corporate,Semi-Flex,0.438042029597227,0,1
B010421,H012,2025-05-06,OTA-Booking,Semi-Flex,0.438042029597227,0,1
B001244,H004,2025-03-18,OTA-Booking,Semi-Flex,0.438042029597227,0,1
B006155,H003,2025-12-08,OTA-Booking,Semi-Flex,0.438042029597227,0,1
B011007,H009,2025-08-27,Direct,Flexible,0.438042029597227,0,1
B000981,H009,2025-11-25,Corporate,Flexible,0.438042029597227,0,1
B010795,H003,2025-01-11,Direct,Semi-Flex,0.438042029597227,0,1
B008903,H002,2025-05-01,OTA-Booking,Flexible,0.438042029597227,0,1
B000701,H006,2025-04-27,OTA-Booking,Semi-Flex,0.438042029597227,0,1
B008177,H004,2025-11-02,Phone,Flexible,0.438042029597227,0,1
B000337,H002,2025-04-29,Direct,Flexible,0.438042029597227,0,1
B009943,H009,2025-03-26,OTA-Expedia,Flexible,0.438042029597227,0,1
B006779,H009,2025-04-17,OTA-Booking,Flexible,0.438042029597227,0,1
B010629,H009,2025-11-07,Direct,Flexible,0.438042029597227,0,1
B010927,H001,2025-12-28,Direct,Semi-Flex,0.438042029597227,0,1
B006312,H009,2025-11-09,Direct,Flexible,0.438042029597227,0,1
B006305,H001,2025-09-06,Corporate,Flexible,0.438042029597227,0,1
B004237,H007,2025-11-05,OTA-Booking,Flexible,0.438042029597227,0,1
B002257,H008,2025-12-16,OTA-Expedia,Flexible,0.438042029597227,0,1
B003444,H014,2025-09-13,OTA-Expedia,Flexible,0.438042029597227,0,1
B012417,H010,2025-11-24,Direct,Flexible,0.438042029597227,0,1
B004484,H003,2025-05-04,Corporate,Flexible,0.438042029597227,0,1
B009864,H008,2025-03-24,OTA-Booking,Flexible,0.438042029597227,0,1
B007938,H015,2025-01-06,OTA-Booking,Semi-Flex,0.438042029597227,0,1
B012751,H004,2025-09-28,OTA-Expedia,Flexible,0.438042029597227,0,1
B004055,H009,2025-08-05,OTA-Booking,Semi-Flex,0.438042029597227,0,1
B003373,H004,2025-02-25,Direct,Semi-Flex,0.438042029597227,0,1
B005440,H010,2025-03-23,OTA-Booking,Semi-Flex,0.438042029597227,0,1
B012875,H006,2025-05-13,OTA-Expedia,Semi-Flex,0.438042029597227,0,1
B012871,H010,2025-09-06,Phone,Flexible,0.438042029597227,0,1
B013047,H012,2025-12-04,OTA-Expedia,Flexible,0.438042029597227,0,1
B001979,H004,2025-07-06,OTA-Expedia,Semi-Flex,0.438042029597227,0,1
B012963,H008,2025-11-11,OTA-Booking,Flexible,0.438042029597227,0,1
B002390,H014,2025-06-29,OTA-Expedia,Flexible,0.438042029597227,0,1
B013642,H008,2025-05-28,Phone,Flexible,0.438042029597227,0,1
B014487,H004,2025-08-03,OTA-Expedia,Flexible,0.438042029597227,0,1
B005737,H010,2025-01-30,Direct,Flexible,0.438042029597227,0,1
B010017,H009,2025-03-17,OTA-Booking,Flexible,0.438042029597227,0,1
B014485,H003,2025-02-16,OTA-Expedia,Flexible,0.438042029597227,0,1
B003834,H014,2025-06-16,OTA-Booking,Semi-Flex,0.438042029597227,0,1
B002377,H009,2025-09-16,OTA-Booking,Flexible,0.438042029597227,0,1
B004686,H001,2025-11-18,Phone,Flexible,0.438042029597227,0,1
B011965,H014,2025-11-20,Phone,Flexible,0.438042029597227,0,1
B001869,H002,2025-09-17,Direct,Semi-Flex,0.438042029597227,0,1
B004712,H002,2025-10-11,Phone,Flexible,0.43732109133938696,0,1
B013427,H012,2025-02-17,OTA-Expedia,Flexible,0.43609565955463836,0,1
B003258,H008,2025-05-19,OTA-Expedia,Semi-Flex,0.436021108319099,0,1
B012853,H005,2025-01-01,OTA-Expedia,Flexible,0.43408671643662666,0,1
B001863,H007,2025-11-25,OTA-Booking,Flexible,0.4327781790905814,0,1
B004876,H007,2025-09-25,Phone,Flexible,0.4327781790905814,0,1
B000274,H005,2025-08-19,OTA-Expedia,Flexible,0.4327781790905814,0,1
B001709,H008,2025-02-25,Direct,Semi-Flex,0.4327781790905814,0,1
B013714,H007,2025-07-26,Direct,Flexible,0.4327781790905814,0,1
B005083,H012,2025-08-10,OTA-Booking,Flexible,0.4327781790905814,0,1
B004578,H001,2025-11-02,Corporate,Semi-Flex,0.4327781790905814,0,1
B000280,H008,2025-11-15,Direct,Flexible,0.4327781790905814,0,1
B012029,H003,2025-02-06,Phone,Semi-Flex,0.4327781790905814,0,1
B002874,H012,2025-06-01,OTA-Expedia,Flexible,0.4327781790905814,0,1
B002447,H001,2025-05-08,Corporate,Semi-Flex,0.4327781790905814,0,1
B012895,H003,2025-07-02,Phone,Semi-Flex,0.4327781790905814,0,1
B004699,H007,2025-03-18,Direct,Flexible,0.4327781790905814,0,1
B000166,H008,2025-03-09,OTA-Booking,Flexible,0.4327781790905814,0,1
B014705,H005,2025-05-21,OTA-Booking,Semi-Flex,0.4327781790905814,0,1
B010855,H009,2025-06-03,OTA-Booking,Semi-Flex,0.4327781790905814,0,1
B004758,H007,2025-11-17,Direct,Semi-Flex,0.4327781790905814,0,1
B011960,H008,2025-03-11,OTA-Booking,Flexible,0.4327781790905814,0,1
B004740,H007,2025-04-15,Phone,Flexible,0.4327781790905814,0,1
B001817,H005,2025-10-12,Corporate,Flexible,0.4327781790905814,0,1
B009966,H012,2025-02-25,OTA-Booking,Flexible,0.4327781790905814,0,1
B009901,H012,2025-10-04,Direct,Flexible,0.4327781790905814,0,1
B012743,H005,2025-01-26,Direct,Flexible,0.4327781790905814,0,1
B005603,H005,2025-08-04,OTA-Expedia,Semi-Flex,0.4327781790905814,0,1
B001493,H012,2025-01-12,OTA-Booking,Flexible,0.4327781790905814,0,1
B001496,H013,2025-10-06,Phone,Flexible,0.4327781790905814,0,1
B001525,H009,2025-11-01,OTA-Expedia,Semi-Flex,0.4327781790905814,0,1
B011349,H005,2025-11-22,Phone,Flexible,0.4327781790905814,0,1
B005638,H006,2025-12-28,Direct,Semi-Flex,0.4327781790905814,0,1
B011363,H005,2025-05-27,Direct,Flexible,0.4327781790905814,0,1
B005732,H010,2025-12-02,Phone,Semi-Flex,0.4327781790905814,0,1
B002362,H007,2025-03-12,Phone,Flexible,0.4327781790905814,0,1
B014473,H009,2025-04-13,OTA-Booking,Flexible,0.4327781790905814,0,1
B003855,H013,2025-07-03,Direct,Flexible,0.4327781790905814,0,1
B010948,H009,2025-01-03,OTA-Booking,Semi-Flex,0.4327781790905814,0,1
B001078,H005,2025-12-08,OTA-Booking,Flexible,0.4327781790905814,0,1
B010937,H012,2025-05-01,OTA-Expedia,Flexible,0.4327781790905814,0,1
B003463,H013,2025-02-10,Corporate,Semi-Flex,0.4327781790905814,0,1
B003636,H008,2025-03-24,OTA-Expedia,Flexible,0.4327781790905814,0,1
B012154,H014,2025-08-23,Phone,Semi-Flex,0.4327781790905814,0,1
B007975,H002,2025-12-25,Direct,Semi-Flex,0.4327781790905814,0,1
B008060,H012,2025-07-25,OTA-Booking,Semi-Flex,0.4327781790905814,0,1
B009847,H007,2025-04-14,Direct,Flexible,0.4327781790905814,0,1
B008120,H012,2025-07-08,Direct,Semi-Flex,0.4327781790905814,0,1
B008024,H009,2025-10-25,Direct,Flexible,0.4327781790905814,0,1
B013581,H002,2025-05-20,Phone,Semi-Flex,0.4327781790905814,0,1
B004406,H008,2025-06-13,Direct,Semi-Flex,0.4327781790905814,0,1
B005539,H009,2025-06-05,OTA-Booking,Semi-Flex,0.4327781790905814,0,1
B001895,H002,2025-03-17,Direct,Semi-Flex,0.4327781790905814,0,1
B004494,H014,2025-11-03,OTA-Expedia,Semi-Flex,0.4327781790905814,0,1
B011542,H012,2025-09-30,OTA-Booking,Semi-Flex,0.4327781790905814,0,1
B005398,H014,2025-06-10,Direct,Semi-Flex,0.4327781790905814,0,1
B005422,H008,2025-05-03,Direct,Semi-Flex,0.4327781790905814,0,1
B013822,H004,2025-04-13,Phone,Flexible,0.4327781790905814,0,1
B001478,H012,2025-12-21,OTA-Expedia,Flexible,0.4327781790905814,0,1
B011498,H013,2025-10-18,OTA-Booking,Semi-Flex,0.4327781790905814,0,1
B005139,H005,2025-08-11,OTA-Booking,Flexible,0.4327781790905814,0,1
B002310,H003,2025-07-17,Corporate,Semi-Flex,0.4327781790905814,0,1
B003328,H007,2025-09-05,OTA-Expedia,Semi-Flex,0.4327781790905814,0,1
B003378,H005,2025-01-22,OTA-Expedia,Semi-Flex,0.4327781790905814,0,1
B003313,H005,2025-04-24,Direct,Flexible,0.4327781790905814,0,1
B014389,H012,2025-09-22,OTA-Expedia,Semi-Flex,0.4327781790905814,0,1
B002076,H007,2025-04-22,OTA-Expedia,Flexible,0.4327781790905814,0,1
B011245,H002,2025-03-18,OTA-Booking,Semi-Flex,0.4327781790905814,0,1
B005890,H009,2025-09-20,OTA-Expedia,Flexible,0.4327781790905814,0,1
B005903,H009,2025-03-22,OTA-Expedia,Flexible,0.4327781790905814,0,1
B011215,H004,2025-02-11,OTA-Booking,Semi-Flex,0.4327781790905814,0,1
B011179,H005,2025-06-02,OTA-Booking,Flexible,0.4327781790905814,0,1
B011209,H009,2025-12-17,OTA-Booking,Semi-Flex,0.4327781790905814,0,1
B007911,H002,2025-02-08,Phone,Semi-Flex,0.4327781790905814,0,1
B007605,H008,2025-01-25,OTA-Expedia,Flexible,0.4327781790905814,0,1
B007658,H012,2025-08-16,OTA-Expedia,Flexible,0.4327781790905814,0,1
B007724,H009,2025-09-26,Direct,Semi-Flex,0.4327781790905814,0,1
B010089,H013,2025-10-02,OTA-Expedia,Flexible,0.4327781790905814,0,1
B014463,H003,2025-06-21,OTA-Expedia,Semi-Flex,0.4327781790905814,0,1
B005191,H008,2025-11-30,Corporate,Flexible,0.4327781790905814,0,1
B005200,H014,2025-11-18,OTA-Expedia,Semi-Flex,0.4327781790905814,0,1
B001613,H004,2025-08-10,Phone,Semi-Flex,0.4327781790905814,0,1
B004505,H009,2025-10-05,OTA-Booking,Flexible,0.4327781790905814,0,1
B012050,H008,2025-12-09,OTA-Booking,Flexible,0.4327781790905814,0,1
B001551,H010,2025-10-07,Direct,Semi-Flex,0.4327781790905814,0,1
B001595,H005,2025-02-10,Corporate,Flexible,0.4327781790905814,0,1
B003079,H012,2025-10-23,OTA-Booking,Semi-Flex,0.4327781790905814,0,1
B013222,H013,2025-02-11,Direct,Semi-Flex,0.4327781790905814,0,1
B009809,H010,2025-11-29,Phone,Semi-Flex,0.4327781790905814,0,1
B000452,H008,2025-12-28,OTA-Booking,Flexible,0.4327781790905814,0,1
B009710,H012,2025-12-02,OTA-Expedia,Flexible,0.4327781790905814,0,1
B009794,H007,2025-04-21,OTA-Expedia,Flexible,0.4327781790905814,0,1
B010887,H004,2025-06-07,Direct,Semi-Flex,0.4327781790905814,0,1
B001210,H004,2025-08-24,OTA-Booking,Semi-Flex,0.4327781790905814,0,1
B007492,H013,2025-12-04,Phone,Flexible,0.4327781790905814,0,1
B007412,H008,2025-10-11,OTA-Expedia,Flexible,0.4327781790905814,0,1
B007522,H007,2025-05-21,OTA-Booking,Flexible,0.4327781790905814,0,1
B010340,H009,2025-10-24,OTA-Booking,Semi-Flex,0.4327781790905814,0,1
B007144,H008,2025-11-06,OTA-Expedia,Flexible,0.4327781790905814,0,1
B008454,H012,2025-04-07,OTA-Expedia,Semi-Flex,0.4327781790905814,0,1
B007337,H008,2025-02-20,OTA-Expedia,Semi-Flex,0.4327781790905814,0,1
B000720,H012,2025-01-30,OTA-Expedia,Semi-Flex,0.4327781790905814,0,1
B011067,H012,2025-04-13,OTA-Expedia,Semi-Flex,0.4327781790905814,0,1
B007398,H013,2025-10-04,Corporate,Flexible,0.4327781790905814,0,1
B005915,H010,2025-10-12,OTA-Booking,Semi-Flex,0.4327781790905814,0,1
B006018,H008,2025-02-04,Corporate,Flexible,0.4327781790905814,0,1
B001274,H005,2025-02-02,OTA-Expedia,Flexible,0.4327781790905814,0,1
B014310,H013,2025-09-26,Corporate,Semi-Flex,0.4327781790905814,0,1
B003816,H005,2025-08-22,Phone,Flexible,0.4327781790905814,0,1
B003949,H013,2025-02-24,Direct,Semi-Flex,0.4327781790905814,0,1
B003950,H007,2025-02-13,OTA-Booking,Flexible,0.4327781790905814,0,1
B010506,H005,2025-05-06,OTA-Booking,Flexible,0.4327781790905814,0,1
B006970,H012,2025-08-02,OTA-Booking,Flexible,0.4327781790905814,0,1
B014323,H008,2025-10-15,Phone,Flexible,0.4327781790905814,0,1
B007155,H005,2025-04-09,OTA-Expedia,Semi-Flex,0.4327781790905814,0,1
B010386,H007,2025-12-02,OTA-Booking,Flexible,0.4327781790905814,0,1
B006036,H009,2025-04-03,OTA-Booking,Semi-Flex,0.4327781790905814,0,1
B006037,H013,2025-11-10,Corporate,Flexible,0.4327781790905814,0,1
B006132,H009,2025-06-08,OTA-Expedia,Flexible,0.4327781790905814,0,1
B011069,H007,2025-06-22,OTA-Expedia,Flexible,0.4327781790905814,0,1
B006495,H005,2025-10-24,OTA-Booking,Flexible,0.4327781790905814,0,1
B010805,H005,2025-01-21,Direct,Flexible,0.4327781790905814,0,1
B001022,H012,2025-07-09,Direct,Flexible,0.4327781790905814,0,1
B003662,H002,2025-12-25,Direct,Flexible,0.4327781790905814,0,1
B003669,H009,2025-08-05,Phone,Flexible,0.4327781790905814,0,1
B006959,H003,2025-09-28,OTA-Expedia,Semi-Flex,0.4327781790905814,0,1
B006960,H008,2025-03-13,OTA-Expedia,Semi-Flex,0.4327781790905814,0,1
B006683,H012,2025-07-29,Direct,Flexible,0.4327781790905814,0,1
B014289,H006,2025-07-22,Phone,Semi-Flex,0.4327781790905814,0,1
B010642,H003,2025-07-19,Direct,Semi-Flex,0.4327781790905814,0,1
B008456,H004,2025-12-14,Phone,Semi-Flex,0.4327781790905814,0,1
B014650,H012,2025-03-23,OTA-Booking,Flexible,0.4327781790905814,0,1
B008440,H005,2025-09-22,OTA-Expedia,Flexible,0.4327781790905814,0,1
B011754,H007,2025-05-31,OTA-Expedia,Flexible,0.4327781790905814,0,1
B005020,H005,2025-07-27,OTA-Expedia,Flexible,0.4327781790905814,0,1
B011941,H014,2025-02-01,Corporate,Flexible,0.4327781790905814,0,1
B009017,H014,2025-08-16,Direct,Semi-Flex,0.4327781790905814,0,1
B011927,H005,2025-04-28,OTA-Booking,Flexible,0.4327781790905814,0,1
B014859,H013,2025-12-25,Direct,Flexible,0.4327781790905814,0,1
B002720,H002,2025-12-02,Phone,Flexible,0.4327781790905814,0,1
B002548,H013,2025-11-04,Direct,Flexible,0.4327781790905814,0,1
B002560,H010,2025-03-23,Direct,Semi-Flex,0.4327781790905814,0,1
B014980,H013,2025-10-06,Direct,Flexible,0.4327781790905814,0,1
B000107,H009,2025-10-20,Direct,Semi-Flex,0.4327781790905814,0,1
B002643,H008,2025-05-19,OTA-Booking,Semi-Flex,0.4327781790905814,0,1
B008815,H012,2025-01-28,Direct,Semi-Flex,0.4327781790905814,0,1
B009061,H005,2025-11-03,OTA-Booking,Semi-Flex,0.4327781790905814,0,1
B014878,H014,2025-04-10,OTA-Expedia,Semi-Flex,0.4327781790905814,0,1
B009997,H013,2025-05-22,Direct,Flexible,0.4308501784382657,0,1
B005295,H007,2025-08-06,OTA-Booking,Flexible,0.4308501784382657,0,1
B012881,H011,2025-08-13,OTA-Expedia,Flexible,0.42898818583750087,0,1
B004441,H011,2025-06-11,OTA-Booking,Flexible,0.42898818583750087,0,1
B002583,H015,2025-06-13,OTA-Booking,Flexible,0.42898818583750087,0,1
B001904,H001,2025-09-10,OTA-Booking,Flexible,0.42898818583750087,0,1
B009634,H001,2025-11-26,Direct,Flexible,0.42898818583750087,0,1
B008239,H006,2025-09-12,OTA-Booking,Flexible,0.42898818583750087,0,1
B013459,H003,2025-08-06,OTA-Booking,Flexible,0.42898818583750087,0,1
B012571,H006,2025-10-06,OTA-Booking,Flexible,0.42898818583750087,0,1
B013739,H003,2025-10-17,OTA-Expedia,Flexible,0.42898818583750087,0,1
B009321,H010,2025-10-03,OTA-Booking,Flexible,0.42898818583750087,0,1
B014860,H010,2025-05-23,OTA-Booking,Flexible,0.42898818583750087,0,1
B003348,H015,2025-05-07,OTA-Booking,Flexible,0.42898818583750087,0,1
B014305,H015,2025-03-04,OTA-Booking,Flexible,0.42898818583750087,0,1
B010281,H003,2025-11-12,Direct,Flexible,0.42898818583750087,0,1
B003329,H003,2025-06-18,OTA-Booking,Flexible,0.42898818583750087,0,1
B000555,H011,2025-04-16,OTA-Expedia,Flexible,0.42898818583750087,0,1
B011305,H011,2025-10-16,OTA-Booking,Flexible,0.42898818583750087,0,1
B003200,H015,2025-11-15,OTA-Expedia,Flexible,0.42898818583750087,0,1
B011634,H004,2025-04-02,OTA-Expedia,Flexible,0.42898818583750087,0,1
B011601,H003,2025-10-03,Direct,Flexible,0.42898818583750087,0,1
B008551,H010,2025-07-21,OTA-Booking,Flexible,0.42898818583750087,0,1
B005865,H015,2025-05-02,Direct,Flexible,0.42898818583750087,0,1
B009019,H011,2025-06-14,OTA-Booking,Flexible,0.42882412553945987,0,1
B009900,H012,2025-10-27,OTA-Expedia,Flexible,0.42853240483759736,0,1
B001273,H009,2025-06-07,OTA-Expedia,Flexible,0.42853240483759736,0,1
B010252,H009,2025-01-25,Direct,Flexible,0.42853240483759736,0,1
B011267,H003,2025-12-13,OTA-Expedia,Semi-Flex,0.42853240483759736,0,1
B013740,H003,2025-01-05,Phone,Flexible,0.42853240483759736,0,1
B004504,H003,2025-08-13,Direct,Flexible,0.4282025536816561,0,1
B000677,H010,2025-08-20,OTA-Booking,Semi-Flex,0.4281676781812973,0,1
B009389,H004,2025-02-21,OTA-Booking,Flexible,0.4280897127898485,0,1
B012290,H003,2025-06-27,OTA-Expedia,Flexible,0.42798795109286786,0,1
B005041,H006,2025-10-09,OTA-Booking,Flexible,0.42767964273719145,0,1
B004882,H015,2025-05-20,OTA-Booking,Flexible,0.4275879652610099,0,1
B009700,H003,2025-07-02,OTA-Expedia,Flexible,0.42715333624248464,0,1
B002556,H003,2025-08-20,OTA-Booking,Flexible,0.42713633398564904,0,1
B002764,H004,2025-04-16,Direct,Flexible,0.42713633398564904,0,1
B012733,H004,2025-09-21,OTA-Booking,Flexible,0.42713633398564904,0,1
B010643,H001,2025-06-09,OTA-Booking,Flexible,0.42713633398564904,0,1
B000268,H011,2025-06-04,Direct,Flexible,0.42713633398564904,0,1
B001265,H003,2025-06-12,OTA-Expedia,Flexible,0.42713633398564904,0,1
B004119,H011,2025-01-08,Direct,Flexible,0.42713633398564904,0,1
B003786,H015,2025-04-23,OTA-Expedia,Flexible,0.42713633398564904,0,1
B013420,H001,2025-09-05,Direct,Semi-Flex,0.42713633398564904,0,1
B006688,H006,2025-01-03,Direct,Flexible,0.42713633398564904,0,1
B013348,H002,2025-01-15,OTA-Booking,Flexible,0.42713633398564904,0,1
B001110,H003,2025-06-13,Direct,Flexible,0.42713633398564904,0,1
B010149,H011,2025-07-21,OTA-Booking,Flexible,0.42713633398564904,0,1
B000689,H004,2025-08-13,OTA-Booking,Flexible,0.42713633398564904,0,1
B004255,H001,2025-04-28,Corporate,Flexible,0.42713633398564904,0,1
B008458,H010,2025-08-06,OTA-Booking,Flexible,0.42713633398564904,0,1
B009001,H003,2025-12-24,Direct,Flexible,0.42713633398564904,0,1
B013937,H001,2025-05-14,OTA-Booking,Flexible,0.42713633398564904,0,1
B000117,H003,2025-03-26,OTA-Expedia,Flexible,0.42713633398564904,0,1
B005030,H004,2025-06-26,OTA-Booking,Flexible,0.42713633398564904,0,1
B014219,H015,2025-10-21,OTA-Booking,Flexible,0.42713633398564904,0,1
B009481,H010,2025-10-08,OTA-Booking,Flexible,0.42713633398564904,0,1
B008877,H011,2025-10-29,OTA-Booking,Flexible,0.42713633398564904,0,1
B011727,H001,2025-05-05,OTA-Booking,Flexible,0.42713633398564904,0,1
B012433,H008,2025-10-11,OTA-Booking,Flexible,0.42376521111151993,0,1
B003028,H005,2025-03-02,OTA-Booking,Semi-Flex,0.4207871276364427,0,1
B000438,H005,2025-02-15,OTA-Expedia,Flexible,0.4207871276364427,0,1
B004204,H005,2025-01-21,OTA-Expedia,Semi-Flex,0.4207871276364427,0,1
B004444,H008,2025-01-23,Corporate,Semi-Flex,0.4207871276364427,0,1
B008197,H007,2025-11-22,OTA-Booking,Flexible,0.4207871276364427,0,1
B002762,H013,2025-03-06,Phone,Flexible,0.4207871276364427,0,1
B003048,H008,2025-12-02,Direct,Semi-Flex,0.4207871276364427,0,1
B007728,H007,2025-10-25,Phone,Flexible,0.4207871276364427,0,1
B004925,H005,2025-08-10,OTA-Booking,Semi-Flex,0.4207871276364427,0,1
B012389,H005,2025-03-22,OTA-Booking,Flexible,0.4207871276364427,0,1
B010154,H005,2025-11-03,Direct,Flexible,0.4207871276364427,0,1
B003112,H007,2025-02-16,Direct,Flexible,0.4207871276364427,0,1
B006897,H005,2025-04-28,OTA-Expedia,Semi-Flex,0.4207871276364427,0,1
B014746,H005,2025-01-25,OTA-Booking,Flexible,0.4207871276364427,0,1
B009541,H014,2025-10-04,Direct,Semi-Flex,0.4207871276364427,0,1
B002427,H012,2025-03-19,Corporate,Semi-Flex,0.4207871276364427,0,1
B009366,H012,2025-12-11,Direct,Semi-Flex,0.4207871276364427,0,1
B006268,H007,2025-02-04,Corporate,Flexible,0.4207871276364427,0,1
B014204,H008,2025-06-21,Direct,Semi-Flex,0.4207871276364427,0,1
B006572,H008,2025-09-23,Phone,Flexible,0.4165413533834586,0,1
B006313,H013,2025-12-25,OTA-Expedia,Flexible,0.4165413533834586,0,1
B004880,H012,2025-11-22,Phone,Flexible,0.4165413533834586,0,1
B014718,H004,2025-04-25,OTA-Booking,Flexible,0.4165083146619775,0,1
B008166,H011,2025-11-26,Direct,Semi-Flex,0.4165083146619775,0,1
B002647,H002,2025-11-21,OTA-Booking,Flexible,0.4165083146619775,0,1
B013012,H006,2025-03-28,OTA-Booking,Flexible,0.4165083146619775,0,1
B007775,H015,2025-05-02,Corporate,Semi-Flex,0.4165083146619775,0,1
B007969,H004,2025-11-19,OTA-Expedia,Flexible,0.4165083146619775,0,1
B006216,H004,2025-07-11,Corporate,Flexible,0.4165083146619775,0,1
B013453,H004,2025-11-12,OTA-Booking,Semi-Flex,0.4165083146619775,0,1
B006172,H015,2025-01-28,Direct,Flexible,0.4165083146619775,0,1
B007502,H003,2025-06-21,OTA-Booking,Flexible,0.4165083146619775,0,1
B003319,H006,2025-07-17,OTA-Expedia,Flexible,0.4165083146619775,0,1
B011265,H001,2025-12-12,Direct,Flexible,0.4165083146619775,0,1
B007103,H001,2025-12-11,Direct,Flexible,0.4165083146619775,0,1
B003167,H001,2025-04-01,OTA-Booking,Flexible,0.4165083146619775,0,1
B003276,H002,2025-09-05,OTA-Booking,Flexible,0.4165083146619775,0,1
B013569,H004,2025-03-26,OTA-Booking,Flexible,0.4165083146619775,0,1
B012232,H006,2025-10-15,OTA-Booking,Flexible,0.4165083146619775,0,1
B002482,H002,2025-06-15,OTA-Booking,Flexible,0.4165083146619775,0,1
B014492,H003,2025-08-29,OTA-Booking,Flexible,0.41226254040899346,0,1
B005406,H015,2025-12-04,OTA-Booking,Semi-Flex,0.41193165562307593,0,1
B013957,H004,2025-09-19,Corporate,Flexible,0.41193165562307593,0,1
B003853,H001,2025-07-10,Corporate,Flexible,0.41193165562307593,0,1
B009482,H011,2025-05-21,OTA-Expedia,Semi-Flex,0.41193165562307593,0,1
B005042,H006,2025-10-09,OTA-Booking,Flexible,0.41193165562307593,0,1
B011005,H014,2025-02-07,Direct,Flexible,0.41193165562307593,0,1
B003556,H003,2025-03-21,Corporate,Flexible,0.41193165562307593,0,1
B006981,H004,2025-06-16,Direct,Flexible,0.41193165562307593,0,1
B011058,H011,2025-06-26,Corporate,Flexible,0.41193165562307593,0,1
B012438,H011,2025-04-27,OTA-Booking,Flexible,0.41193165562307593,0,1
B006478,H015,2025-02-25,Corporate,Flexible,0.41193165562307593,0,1
B000841,H002,2025-11-12,Corporate,Flexible,0.41193165562307593,0,1
B010291,H006,2025-03-17,Corporate,Flexible,0.41193165562307593,0,1
B011391,H014,2025-05-21,OTA-Booking,Flexible,0.41193165562307593,0,1
B009781,H001,2025-03-14,Direct,Flexible,0.41193165562307593,0,1
B014557,H001,2025-02-03,OTA-Booking,Flexible,0.41193165562307593,0,1
B007578,H003,2025-12-03,Direct,Flexible,0.41193165562307593,0,1
B004503,H004,2025-12-17,Direct,Flexible,0.41193165562307593,0,1
B004867,H014,2025-10-27,Direct,Flexible,0.41193165562307593,0,1
B002660,H001,2025-03-17,Direct,Flexible,0.41193165562307593,0,1
B001739,H006,2025-03-28,Direct,Flexible,0.41193165562307593,0,1
B013161,H006,2025-06-24,OTA-Booking,Flexible,0.41193165562307593,0,1
B009200,H015,2025-04-29,Phone,Flexible,0.41193165562307593,0,1
B005135,H015,2025-11-09,OTA-Expedia,Flexible,0.41193165562307593,0,1
B003320,H005,2025-05-01,Corporate,Flexible,0.4118982387475538,0,1
B002565,H005,2025-01-25,Direct,Semi-Flex,0.4118982387475538,0,1
B002984,H005,2025-01-25,Phone,Flexible,0.4118982387475538,0,1
B007758,H007,2025-09-21,OTA-Booking,Semi-Flex,0.4118982387475538,0,1
B000580,H007,2025-03-30,Phone,Flexible,0.4118982387475538,0,1
